street,city,state,postal_code,latitude,longitude
6961 Us Hwy 431,Albertville,AL,35950,34.274005903133,-86.200271983884
1910 Quintard Ave.,Anniston,AL,36201,33.6691906555,-85.826843223321
812 Academy Dr,Bessemer,AL,35022,,
104 Inverness Cors,Birmingham,AL,35242,,
5475-A Al Highway 157 Nw,Cullman,AL,35058,34.20645226888,-86.865290512385
1501 A Us Highway 98 Ste 5,Daphne,AL,36526,30.599484519566,-87.898327695928
2606 Cloverdale Road,Florence,AL,35633,34.839711750873,-87.687731505892
1908a Rainbow Dr,Gadsden,AL,35901,33.97535739785,-86.013916116617
600 Fieldstown Road,Gardendale,AL,35071,33.652400974197,-86.823842436617
81 Jameson Lane Ste A,Greenville,AL,36037,31.851469720426,-86.642348171264
6559 Highway 431 S,Hampton Cove,AL,35763,,
3062 Allison Bonnett Memorial Dr,Hueytown,AL,35023,33.45031502762,-86.983846097727
11602 Memorial Pkwy Sw,Huntsville,AL,35803,34.617031929887,-86.567388234325
2191a Winchester Rd Ne,Huntsville,AL,35811,34.817305571679,-86.493286027311
704 Pelham Road South,Jacksonville,AL,36265,33.826275613297,-85.76403902685
8955 Madison Blvd,Madison,AL,35758,34.675968130282,-86.753069939548
2050 Eastern Blvd.,Montgomery,AL,36117,32.352371862311,-86.219474710259
2737 Hwy 280 South Ste A1-A2,Mountain Brk,AL,35223,,
2254 Pelham Parkway,Pelham,AL,35124,33.332566331807,-86.792156696353
180 Martin Street N,Pell City,AL,35125,,
2136 Cobbs Ford Rd Ste 2136-2138,Prattville,AL,36066,32.459679346694,-86.410967529833
14175 Highway 43,Russellville,AL,35653,34.497406245506,-87.721951583863
13 Jacintoport Blvd,Saraland,AL,36571,,
1307 E Highland Ave,Selma,AL,36703,32.431534455913,-87.018352148146
7880 Moffett Rd Ste 300,Semmes,AL,36575,30.764334184247,-88.227776835002
81 Mcs Blvd,Sylacauga,AL,35150,,
518 Battle St E,Talladega,AL,35160,33.433237628216,-86.11018750164
1112 Highway 231 S,Troy,AL,36081,31.783986118074,-85.95886066073
1460 Montgomery Hwy,Vestavia Hills,AL,35216,33.417540465137,-86.802507042252
102 Wp Malone Dr,Arkadelphia,AR,71923,34.11812848991,-93.095146265509
298 E Centerton Blvd,Centerton,AR,72719,36.358491353063,-94.281906152614
1612 N College Ave # 3,Fayetteville,AR,72703,36.083134644538,-94.155836925476
4201 Phoenix Ave,Fort Smith,AR,72903,35.338686632049,-94.388122460016
2308 N Hervey St,Hope,AR,71801,33.683154522913,-93.612399270632
17807 Chenal Pkwy,Little Rock,AR,72223,34.76820521896,-92.457641884289
12018 Chenal Pkwy Ste B,Little Rock,AR,72211,34.749505605423,-92.40896238963
5514 S Olive St,Pine Bluff,AR,71603,34.173896492396,-92.006578535334
2204 S Promenade Blvd Spc 1,Rogers,AR,72758,36.30515343348,-94.179054357299
2254 Fayetteville Rd Ste A,Van Buren,AR,72956,35.470713825868,-94.356155401192
189 W Apache Trl Ste A104-105,Apache Junction,AZ,85120,33.414807966149,-111.551866057424
2690 Highway 95,Bullhead City,AZ,86442,35.088325859903,-114.597972063822
4828 E Carefree Hwy,Cave Creek,AZ,85331,33.798996534449,-111.977655893553
1995 W Elliot Rd,Chandler,AZ,85224,33.349493179946,-111.876334761394
4764 S Higley Rd Ste 101,Gilbert,AZ,85297,33.263840472507,-111.72059174131
1747 E. Williams Field Rd.,Gilbert,AZ,85295,33.30673258999,-111.752145178561
4304 W Bell Rd Ste 101,Glendale,AZ,85308,33.639375592555,-112.151958189554
10580 N Oracle Rd Ste 100,Oro Valley,AZ,85737,32.397648860148,-110.957546637534
3167 Willow Creek Rd Unit A,Prescott,AZ,86301,34.598322627193,-112.458568271241
10590 N 114th St,Scottsdale,AZ,85259,33.580684968485,-111.83501701783
2902 N Scottsdale Rd,Scottsdale,AZ,85251,33.480453371769,-111.926222922245
10249 Grand Ave,Sun City,AZ,85351,33.599875128245,-112.280507494521
16487 W Bell Rd Ste 101,Surprise,AZ,85374,33.638697756678,-112.409743827197
8750 S Mcclintock Dr,Tempe,AZ,85284,33.335242036968,-111.911225731751
4755 E Grant Rd,Tucson,AZ,85712,32.250706288285,-110.89150482395
11345 S Fortuna Rd,Yuma,AZ,85367,32.665859180192,-114.444078026907
406 Napa Junction Rd Ste 120,American Canyon,CA,94503,38.184903711522,-122.254276991736
913 Rancho Pkwy Ste J,Arroyo Grande,CA,93420,35.12597903528,-120.595360555036
955 El Camino Real Ste 1a,Atascadero,CA,93422,35.52376985259,-120.70367147134
3100 Panama Ln,Bakersfield,CA,93313,35.295946353682,-119.037346373062
7055 Schaefer Ave Ste B-C,Chino,CA,91710,34.004745820217,-117.651629097595
1536 Kirker Pass Rd Ste D & E,Clayton,CA,94517,37.952279401896,-121.957075845112
520 Woollomes Ave Ste 104,Delano,CA,93215,35.746791887896,-119.256110181751
150 N Alta Ave,Dinuba,CA,93618,36.546370737002,-119.394975949245
2500 N 1st St,Dixon,CA,95620,38.467905644683,-121.822256848989
997 E Champlain Dr Ste 100,Fresno,CA,93720,36.872270933302,-119.764816550995
6776 N Brawley Ave,Fresno,CA,93711,36.835585768504,-119.862348489621
7050 Hollister Ave Ste 103,Goleta,CA,93117,34.430254493258,-119.873408704049
8599 Auburn Folsom Rd,Granite Bay,CA,95746,38.742233083268,-121.170500013285
25975 Mission Blvd,Hayward,CA,94544,,
1270 E Park St,Hollister,CA,95023,,
2175 N Schnoor St,Madera,CA,93637,36.98163127092,-120.087586902915
717 Broadway,Millbrae,CA,94030,37.604098532925,-122.39602532792
34460 Monterey Ave,Palm Desert,CA,92211,33.798589699437,-116.388094701705
1668 S Riverside Ave,Rialto,CA,92376,34.071121002297,-117.370369685623
8012 Limonite Ave,Riverside,CA,92509,33.978084860344,-117.458904906454
2200 Eastridge Loop Ste 2092,San Jose,CA,95122,37.323208538177,-121.813444186482
5801 Cottle Rd,San Jose,CA,95123,37.245811921778,-121.804035659392
2195 Monterey Hwy Ste 50,San Jose,CA,95112,37.303591216355,-121.861445117726
836 Playa Ave,Sand City,CA,93955,36.619875767334,-121.845738127739
2725 El Camino Real Ste 103,Santa Clara,CA,95051,37.352500354952,-121.976047834538
1876 N Broadway,Santa Maria,CA,93454,34.974381413541,-120.435446815707
1602 E Clark Ave,Santa Maria,CA,93455,34.865317707535,-120.400851416544
3170 Highland Ave,Selma,CA,93662,,
1818 Durfee Ave Ste 2e,South El Monte,CA,91733,34.043584022136,-118.032370060915
4302 Austin Bluffs Pkwy,Colorado Springs,CO,80918,38.894264127661,-104.751241983714
9288 Forest Bluffs View Ste 130,Colorado Springs,CO,80920,,
889 N Academy Blvd,Colorado Springs,CO,80909,38.845121782762,-104.757189218745
39 Spectrum Loop,Colorado Springs,CO,80921,39.024885027534,-104.817998480061
4595 Tower Rd,Denver,CO,80249,39.783563264123,-104.772144436758
4395 Sheridan Blvd,Denver,CO,80212,39.77645575751,-105.053320422993
951 16th St Ste 100a,Denver,CO,80202,39.74691599363,-104.994327793441
4275 City Centre Dr Unit 100-200,Firestone,CO,80504,,
9225 S Broadway Ste B,Highlands Ranch,CO,80129,39.548714821573,-104.991896157311
9893 W Chatfield Ave Unit 110,Littleton,CO,80128,39.569639908411,-105.109999126356
1405 Denver Ave,Loveland,CO,80538,40.40756551491,-105.04461482722
304 Center Dr,Superior,CO,80027,39.957546364822,-105.168531987516
3886 E 104th Ave # 3886,Thornton,CO,80233,39.884721982271,-104.941555989156
16765 Washington St,Thornton,CO,80023,39.998569327953,-104.974563974058
7321 Sheridan Blvd,Westminster,CO,80003,39.830010354559,-105.053343533697
7 Backus Ave,Danbury,CT,6810,41.376453415848,-73.484176592533
38 New Haven Ave,Derby,CT,6418,41.314305360042,-73.078482306714
96 Danbury Rd,New Milford,CT,6776,41.56094024342,-73.415914581769
300 Universal Dr N,North Haven,CT,6473,,
640 Main Ave,Norwalk,CT,6851,41.152063710088,-73.424686840741
475 Bridgeport Ave Ste 1,Shelton,CT,6484,41.289704792914,-73.112379549684
100 Greyrock Pl Spc F157,Stamford,CT,6901,41.053954889266,-73.536179151595
495 Union St Spc D10,Waterbury,CT,6706,41.549618160495,-73.027311373162
1561 New Britain Ave,West Hartford,CT,6110,41.720522796532,-72.761265297844
1407 Churchmans Rd,Newark,DE,19713,,
4400 Atlanta Hwy,Athens,GA,30606,33.940366698408,-83.487878727222
1905 Epps Bridge Pkwy,Athens,GA,30606,33.918082588046,-83.443035358624
3450 Wrightsboro Road Ste 1800,Augusta,GA,30909,33.467330957676,-82.080295538012
1001 E-West Connector Ste 206,Austell,GA,30106,,
200 W Shotwell St Bldg C,Bainbridge,GA,39819,30.904098493551,-84.577355655088
3418 Braselton Hwy Ste 108,Buford,GA,30519,,
261 W Belmont Dr Ste B,Calhoun,GA,30701,34.480903681727,-84.928515077399
3131 Manchester Expy Ste 136,Columbus,GA,31909,32.506108590461,-84.944529090179
1045 Market Pl Blvd,Cumming,GA,30041,,
852 Shugart Rd Ste A,Dalton,GA,30720,34.786247080674,-84.996380896807
320 Elbert St,Elberton,GA,30635,34.108124759302,-82.858688272359
3645 Mundy Mill Rd,Gainesville,GA,30504,,
305 Gateway Drive Ste 5,Grovetown,GA,30813,,
721 W Oglethorpe Hwy Ste 9,Hinesville,GA,31313,31.824780816347,-81.598991225426
175 Whitfield Dr,Jasper,GA,30143,34.460304082585,-84.4583199587
2957 Town Center Dr Nw,Kennesaw,GA,30144,34.021350856415,-84.564456709656
2423 Osborne Rd Ste 5,Saint Marys,GA,31558,30.750386113539,-81.572794548751
4450 Atlanta Hwy,Loganville,GA,30052,33.836571969296,-83.898745820525
6071 Zebulon Rd,Macon,GA,31210,32.879971834833,-83.763088562972
4989 Peachtree Pkwy Ste 3001,Peachtree Corners,GA,30092,,
9855 Ford Ave Ste 3,Richmond Hill,GA,31324,,
10945 Crabapple Road Ste 21,Roswell,GA,30075,34.046597484695,-84.361091973494
1201 S Harris St,Sandersville,GA,31082,32.957590212902,-82.809006013838
6035 Roswell Rd Ste 130,Sandy Springs,GA,30328,33.919776451,-84.378921742581
5500 Abercorn St Ste 52,Savannah,GA,31405,32.024940362565,-81.109204121098
11506 Abercorn St Ste 118,Savannah,GA,31419,31.982157592238,-81.148502385273
2335 E Victory Dr Ste 109,Savannah,GA,31404,32.03667590781,-81.056791030616
2045 Scenic Hwy N Ste 300,Snellville,GA,30078,33.868092101456,-84.015944766874
414 S Main St Ste 2,Swainsboro,GA,30401,,
122 Hwy 19 N Ste B,Thomaston,GA,30286,,
15006 Us Hwy 19 S Ste D,Thomasville,GA,31792,30.854175118219,-83.945556179086
2401 Washington Rd Ste A,Thomson,GA,30824,33.520581353731,-82.504041912206
17183 Us 27,Trion,GA,30753,,
601 N Liberty St,Waynesboro,GA,30830,33.090062864342,-82.015919853287
2235 Gateway Center Dr,Belvidere,IL,61008,,
201 S Bolingbrook Dr Ste 201,Bolingbrook,IL,60440,41.694728617386,-88.068268605399
6710 N Olmsted Ave,Chicago,IL,60631,42.002170410004,-87.817050086544
444 Chicago Ridge Mall,Chicago Ridge,IL,60415,41.719151849784,-87.782523386863
1538 Ellinwood Ave,Des Plaines,IL,60016,42.040321394853,-87.886212711074
606 E Rand Rd,Elk Grove Village,IL,60007,,
517 S Division St,Harvard,IL,60033,42.422255410659,-88.613443847613
11924 Rt 47,Huntley,IL,60142,42.156566512442,-88.430852021471
40 Yorktown Ctr,Lombard,IL,60148,41.841026199408,-88.003234497902
1630 W Golf Rd,Mount Prospect,IL,60056,42.048178254627,-87.959392858155
1057 S Lake St Ste 106,Mundelein,IL,60060,,
4101 N Sterling Ave,Peoria,IL,61615,40.736706621736,-89.631768843529
2107 S Perryville Rd,Rockford,IL,61108,42.244899753846,-88.980051714503
5277 Elevator Rd,Roscoe,IL,61073,42.428433769526,-89.013991191953
4909 Oakton St,Skokie,IL,60077,42.026218125377,-87.750442957637
2161 E Main St,St Charles,IL,60174,41.92007700696,-88.28721573226
7240 Woodward Ave,Woodridge,IL,60517,41.756073351464,-88.031269257366
501 S Eastwood Dr,Woodstock,IL,60098,42.309978176283,-88.43242896469
2954 E 3rd St,Bloomington,IN,47401,39.164155276463,-86.494485770862
20 Mc Cormick Ln,Brazil,IN,47834,,
2515 Edsel Ln,Corydon,IN,47112,,
7320 E 96th St,Fishers,IN,46037,39.927117791081,-86.040498418914
6330 Lima Rd,Fort Wayne,IN,46818,41.139598170766,-85.162287207326
7536 W Jefferson Blvd,Fort Wayne,IN,46804,41.043195606457,-85.239919770632
10107 Coldwater Rd Ste 400,Fort Wayne,IN,46825,41.173851047192,-85.130885454422
1320 Indianapolis Rd,Greencastle,IN,46135,39.646204204147,-86.830141618974
6942 Indianapolis Blvd,Hammond,IN,46324,41.587549272063,-87.481006810926
6330 E 82nd St,Indianapolis,IN,46250,39.90538634956,-86.058785782659
4329 Keystone Ave,Indianapolis,IN,46205,39.835939391221,-86.121742887455
1440 E 86th St Ste 4,Indianapolis,IN,46240,39.91257824213,-86.135265878512
751 Massachusetts Ave,Indianapolis,IN,46204,39.776977698639,-86.14609218808
4018 State Road 26 East,Lafayette,IN,47905,40.417811418863,-86.830697537053
3615 South St,Lafayette,IN,47905,,
408 State St,New Albany,IN,47150,38.285860043895,-85.824071998075
417 W Ireland Rd,South Bend,IN,46614,41.629160795195,-86.245771076803
15 Honey Creek Mall,Terre Haute,IN,47802,39.427315038034,-87.417361360907
2680 Fort Harrison Rd,Terre Haute,IN,47802,39.506773516943,-87.376828499255
507 N 14th Ave Ste C,Dodge City,KS,67801,37.753739568605,-100.032975393755
929 W 12th Ave,Emporia,KS,66801,38.412241929883,-96.191947041005
3108 E Kansas Ave,Garden City,KS,67846,37.984948472234,-100.835183091604
1219 Main Street,Great Bend,KS,67530,38.363551776879,-98.765206091605
1207 Vine St,Hays,KS,67601,38.870079371976,-99.318002485611
1703 N State St,Iola,KS,66749,37.938166109325,-95.408861788518
8724 Ryckert St,Lenexa,KS,66219,38.970161806288,-94.778319881417
435 N Kansas Ave Ste B,Liberal,KS,67901,37.042090590793,-100.922247352376
730 S Main St,Ottawa,KS,66067,38.607908191393,-95.268720586274
2601 N Broadway Suite 5,Pittsburg,KS,66762,37.432483607268,-94.704972334831
8025 W Kellogg Dr,Wichita,KS,67209,37.671953373678,-97.435261195375
2411 N Maize Rd,Wichita,KS,67205,37.72783720112,-97.462741884644
4715 S Seneca St Suite A,Wichita,KS,67217,37.609351923526,-97.352372534331
1310 Main St,Winfield,KS,67156,37.236057171725,-96.99702537717
609 29th Street,Ashland,KY,41101,38.467284514873,-82.626793038886
66 Martha Layne Collins Blvd,Cold Spring,KY,41076,39.026818214327,-84.453200599865
1750 Cumberland Falls Hwy,Corbin,KY,40701,36.918546533741,-84.124836464026
7900 Old Lagrange Road Suite 101,Crestwood,KY,40014,,
1967 Dixie Hwy,Florence,KY,41042,,
118 Osbourne Way Suite 120,Georgetown,KY,40324,38.228839509177,-84.53758593538
840 S Broadway Suite 108,Lexington,KY,40504,,
2573 Nicholasville Road,Lexington,KY,40503,38.000195804343,-84.520705808209
2116 Richmond Road,Lexington,KY,40502,,
1835 Alysheba Way,Lexington,KY,40509,38.018725518979,-84.41950318334
3101 Nicholasville Rd,Lexington,KY,40503,,
9109 Dixie Highway,Louisville,KY,40272,38.122279663606,-85.854689070817
7009 Dixie Highway,Louisville,KY,40258,38.148760714016,-85.837431250396
6600 Bardstown Rd,Louisville,KY,40291,38.151299430805,-85.587993438996
4201 Outer Loop,Louisville,KY,40219,38.138438039185,-85.684693190382
200 Piney Grove Way,Louisville,KY,40229,,
2500 S Hurstbourne Pkwy,Louisville,KY,40220,38.215518161984,-85.591178139197
4605 Bardstown Rd,Louisville,KY,40218,38.180816772127,-85.626011250731
12911 Shelbyville Rd,Louisville,KY,40243,38.243164559809,-85.514890108118
194 Kroger Center,Morehead,KY,40351,38.193708032568,-83.482053691631
512 Indian Mound Dr,Mt Sterling,KY,40353,,
98 Carothers Rd,Newport,KY,41071,39.086304249686,-84.477331533927
2280 Lexington Rd,Nicholasville,KY,40356,,
2629 Fort Campbell Blvd,Oak Grove,KY,42262,,
820 Eastern Bypass,Richmond,KY,40475,37.731281975223,-84.282142734163
2106 Lantern Ridge Dr Suite 100,Richmond,KY,40475,37.737601564078,-84.327030980337
1107 W Lexington Ave,Winchester,KY,40391,38.000241196358,-84.197374656263
2714 Veterans Memorial Dr,Abbeville,LA,70510,29.972361726348,-92.103163980146
5837 Essen Lane,Baton Rouge,LA,70810,30.395570421868,-91.109174881695
2834 S Sherwood Forest Blvd,Baton Rouge,LA,70816,30.426444932673,-91.053447890853
6601 Bluebonnet Blvd Suite 325,Baton Rouge,LA,70836,30.390643097739,-91.091464412571
503 North Cutting Ave,Jennings,LA,70546,30.224463586623,-92.655000112726
115 Arnould Blvd,Lafayette,LA,70506,30.202118158224,-92.053404101574
67361 Hwy 59,Mandeville,LA,70471,,
4621 Lapalco Blvd Suite 1,Marrero,LA,70072,29.874987499772,-90.093926394493
401 E Admiral Doyle Dr,New Iberia,LA,70560,29.989887263411,-91.830106336918
899 N Alexander Ave,Port Allen,LA,70767,,
1540 Gause Blvd,Slidell,LA,70458,30.284851767119,-89.756722979733
30555 Walker Rd S Ste 1,Walker,LA,70785,30.504383014225,-90.864136123496
46 Auburn St,Auburn,MA,1501,42.20597448451,-71.833303539248
98 Causeway St,Boston,MA,2114,42.364275888288,-71.063414256837
505 Pittsfield Rd,Lenox,MA,1240,42.405197817065,-73.26505145828
3860 Mystic Valley Pkwy Unit 1,Medford,MA,2155,42.404839990647,-71.091751168631
90 Pleasant Valley St Spc 701,Methuen,MA,1844,42.732849470266,-71.179316636517
230 Needham Street,Newton,MA,2464,42.310037900475,-71.214341342064
421 New State Highway,Raynham,MA,2767,41.905975526063,-71.050569409914
728 Gar Highway,Swansea,MA,2777,,
117 Tower Road,Waltham,MA,2451,,
495 E Main St,Westfield,MA,1085,42.112816815203,-72.721558554126
87 Gold Star Blvd,Worcester,MA,1606,42.290030364698,-71.803804359922
1450 Ritchie Hwy Ste 103,Arnold,MD,21012,,
7702 Belair Road,Baltimore,MD,21236,39.367195064844,-76.516869574938
699 Baltimore Pike,Bel Air,MD,21014,39.523692591352,-76.356892900839
1435a Rock Spring Rd,Bel Air,MD,21014,39.557485546587,-76.369710259761
112 Sunburst Highway,Cambridge,MD,21613,38.569403924811,-76.063894566834
30151 Three Notch Rd,Charlotte Hall,MD,20622,38.496411981305,-76.775268175607
8289 Ocean Gtwy,Easton,MD,21601,38.77513914748,-76.06009002425
2385 Brandermill Blvd Ste 100,Gambrills,MD,21054,,
231 Eastern Blvd N,Hagerstown,MD,21740,39.638359294189,-77.695675758313
18000 Garland Groh Blvd,Hagerstown,MD,21740,39.659305335187,-77.745660832605
900 Pulaski Hwy,Havre De Grace,MD,21078,39.552619115713,-76.101768687949
14613 Baltimore Ave,Laurel,MD,20707,39.090206926818,-76.858369317543
21743 Great Mills Rd,Lexington Park,MD,20653,38.264989055626,-76.454661128311
12523 Ocean Gtwy,Ocean City,MD,21842,38.339349238077,-75.118137311626
1496 Annapolis Road,Odenton,MD,21113,39.096399460947,-76.720470944762
18130 Georgia Ave,Olney,MD,20832,39.153721213819,-77.067028326079
2032 E Joppa Rd,Parkville,MD,21234,39.39867542672,-76.542365003389
1852 Reisterstown Rd Ste 105,Pikesville,MD,21208,39.39034941378,-76.740825524625
4628 Ocean Gateway,Queenstown,MD,21658,38.981436930199,-76.162349009833
8656 Pulaski Highway,Rosedale,MD,21237,39.335160936732,-76.484523851839
1500 South Salisbury Blvd,Salisbury,MD,21801,38.338919084337,-75.606862552037
13340 New Hampshire Ave,Silver Spring,MD,20904,39.074584316288,-77.00247010927
926 York Road,Towson,MD,21204,39.407757318539,-76.607480912882
1380 W Orange Blossom Trail,Apopka,FL,32712,28.685258248311,-81.533720444403
2717 Se Hwy 70,Arcadia,FL,34266,27.20883669674,-81.833017630332
2143 Hwy 92 W,Auburndale,FL,33823,28.05718675652,-81.814844470775
110 E Van Fleet Dr,Bartow,FL,33830,27.904164757677,-81.843084431913
6503 E State Road 64,Bradenton,FL,34208,27.492617556497,-82.480000635599
459 Brandon Town Center Mall Ste 931,Brandon,FL,33511,,
1101 W Brandon Blvd,Brandon,FL,33511,27.937715861139,-82.299828312086
542370 Us Highway 1,Callahan,FL,32011,30.564307808698,-81.830498502253
2517 Santa Barbara Blvd Ste 10,Cape Coral,FL,33914,,
605 Cape Coral Parkway E,Cape Coral,FL,33904,26.562884630604,-81.961537269139
1082 State Road 436,Casselberry,FL,32707,28.644689129355,-81.322151782792
27001 Us Highway 19 N Ste 2036,Clearwater,FL,33761,28.014877678976,-82.736286924926
501 Us Hwy 27,Clermont,FL,34714,28.557544535141,-81.743188914066
4705 N State Road 7,Coconut Creek,FL,33073,26.288659758646,-80.20211220747
1180 N. Suncoast Blvd.,Crystal River,FL,34429,28.885522623867,-82.583804489998
1321 Cornerstone Blvd Ste A,Daytona Beach,FL,32114,29.216781568949,-81.097445375235
199 N Federal Hwy,Deerfield Beach,FL,33441,26.320562073612,-80.090883679366
1690 N. Woodland Blvd.,Deland,FL,32720,29.060868849782,-81.304637668298
1900 S. Federal Hwy,Delray Beach,FL,33483,26.438817169476,-80.071717652411
3280 Howland Blvd Ste 103,Deltona,FL,32725,28.949057025276,-81.251282976033
5451 Factory Shops Blvd Spc 160,Ellenton,FL,34222,27.534389321973,-82.504984634246
15447 Us Highway 441,Eustis,FL,32726,28.822070278337,-81.701294531949
1485 County Road 220,Fleming Island,FL,32003,30.102169112841,-81.707083514177
2216 S Federal Hwy,Fort Lauderdale,FL,33316,26.094532556825,-80.136464521681
4144 Cleveland Avenue # 3-4,Fort Myers,FL,33901,26.602064832039,-81.871889731922
2305 S Us Highway 1 Ste B,Fort Pierce,FL,34982,27.425115181044,-80.325997134291
2612 Nw 13th Street,Gainesville,FL,32609,29.677072975496,-82.339227647189
3997 S Jog Rd,Greenacres,FL,33467,26.619025464924,-80.146775331528
911 Gulf Breeze Pkwy Ste C,Gulf Breeze,FL,32561,30.357340084248,-87.162724274068
35969 Hwy 27,Haines City,FL,33844,28.123356926742,-81.639505777027
715 E. Hallandale Beach Blvd.,Hallandale Beach,FL,33009,25.98581544901,-80.141163158737
9008 State Road 52,Hudson,FL,34669,28.33095644547,-82.665938019476
303 E. Eau Gallie Blvd.,Indian Harbour Beach,FL,32937,,
238 S Us Highway 41 Spc 16,Inverness,FL,34450,28.833475884067,-82.32766338391
2709 E Gulf To Lake Hwy,Inverness,FL,34453,,
9612 Argyle Forest Blvd,Jacksonville,FL,32222,30.195715481142,-81.829396064307
6337 Roosevelt Blvd Unit 8,Jacksonville,FL,32244,30.240705428986,-81.696191636373
12230 San Jose Blvd.,Jacksonville,FL,32223,30.148043099015,-81.632691018439
10400 San Jose Blvd Ste 14,Jacksonville,FL,32257,30.190185522073,-81.627015097948
9344 Atlantic Blvd Ste 1,Jacksonville,FL,32225,30.3176921202,-81.556680083509
36 3rd St S,Jacksonville Beach,FL,32250,30.287878292391,-81.391770074429
335 W Indiantown Rd,Jupiter,FL,33458,26.934150466015,-80.098419934139
1102 Key Plz,Key West,FL,33040,24.582144050064,-81.738575385543
1838 State Road 60 E,Lake Wales,FL,33853,27.893926824447,-81.559460392399
1494 Town Center Dr,Lakeland,FL,33803,28.000026761075,-81.979600561806
3950 E Bay Dr,Largo,FL,33771,27.916521952184,-82.750271972874
2351 101st St,Largo,FL,33771,,
1113 Missouri Ave N,Largo,FL,33770,27.926549560147,-82.787712330781
13801 Walsingham Rd Ste 240b,Largo,FL,33774,27.880445499419,-82.829660394323
10720 Us Hwy 441,Leesburg,FL,34788,28.820674426943,-81.779982117515
2230 Citrus Blvd,Leesburg,FL,34748,28.841691623554,-81.894966570018
10553 Suwanee Plaza Blvd,Live Oak,FL,32060,,
1486 S 6th St,Macclenny,FL,32063,30.26183780042,-82.123024014519
5600 W. Atlantic Blvd.,Margate,FL,33063,26.235261901426,-80.20202668043
925 N Wickham Rd,Melbourne,FL,32935,28.121999698407,-80.671517646782
5410 Immokalee Rd,Naples,FL,34110,26.272784303662,-81.747639462977
1900 Tamiami Trl N,Naples,FL,34102,,
8718 Trouble Creek Rd,New Port Richey,FL,34653,28.236215720174,-82.670871900982
2370 State Road 44,New Smyrna Beach,FL,32168,29.013112731512,-80.96554841657
515 Pine Island Road,North Fort Myers,FL,33903,26.681913828115,-81.896507535867
2400 Ne 49th Terrace Bldg 400,Ocala,FL,34470,29.211981308449,-82.06724238306
4602 Sw College Road Ste 102,Ocala,FL,34474,,
1325 Blanding Blvd,Orange Park,FL,32065,30.123100660001,-81.798332475623
8185 Lee Vista Blvd,Orlando,FL,32829,28.46602430822,-81.274076923573
16727 E. Colonial Dr,Orlando,FL,32820,28.561711289076,-81.132548049512
7720 S Orange Blossom Trl,Orlando,FL,32809,28.453607126105,-81.399928580417
20 S Nova Rd,Ormond Beach,FL,32174,29.278361231421,-81.082901060084
951 Lockwood Blvd Ste 1221,Oviedo,FL,32765,28.657733638222,-81.179153146385
4232 E County Road 466 Ste 102,Oxford,FL,34484,28.927509877415,-82.033503405835
800 S State Road 19,Palatka,FL,32177,29.639842253025,-81.677073718253
1109 Malabar Road Ne,Palm Bay,FL,32907,27.998768460002,-80.63817589464
4895 Belle Terre Pkwy,Palm Coast,FL,32137,,
685 10th St E,Palmetto,FL,34221,27.521170802109,-82.571834099104
515 N. Tyndall Pkwy,Panama City,FL,32404,30.157020698071,-85.59127816061
11560 Panama City Beach Pkwy Ste 100,Panama City Beach,FL,32407,30.205509616643,-85.828337360027
5920 Mobile Highway,Pensacola,FL,32526,30.45970420308,-87.300134388767
7400 66th St N Ste A,Pinellas Park,FL,33781,27.839851156617,-82.728601319122
6898 Us Highway 19 N,Pinellas Park,FL,33781,27.834681839219,-82.681025819504
2909 James L Redman Pkwy Ste 113,Plant City,FL,33566,27.98206742603,-82.121575924059
1979 N Federal Hwy,Pompano Beach,FL,33062,26.255573235236,-80.100389072664
1741 Dunlawton Ave,Port Orange,FL,32127,29.11059345898,-81.026112348652
9431 Us Highway 19,Port Richey,FL,34668,28.294434611958,-82.70912864937
10317 S Federal Hwy,Port St Lucie,FL,34952,,
11147 Sw Village Pkwy,Port St Lucie,FL,34987,27.262775381186,-80.431498744104
900 Tamiami Trl Ste 115,Punta Gorda,FL,33950,,
1216 W Jefferson St,Quincy,FL,32351,30.588072735995,-84.59192900071
11709 Boyette Rd Unit 118,Riverview,FL,33569,27.853482044671,-82.305981623792
3707 13th St,Saint Cloud,FL,34769,28.249206519343,-81.310550544692
520 Durbin Pavilion Dr,Saint Johns,FL,32259,,
4010 Cattlemen Rd,Sarasota,FL,34233,27.296147617932,-82.45167934081
140 University Town Center Dr,Sarasota,FL,34243,,
1676 Us Highway 1,Sebastian,FL,32958,27.826427922752,-80.476330271325
2729 Us Highway 27 S,Sebring,FL,33870,27.472343606392,-81.449596370082
4223 Sebring Pkwy,Sebring,FL,33870,27.514827613411,-81.490942392025
4106 Mariner Blvd,Spring Hill,FL,34609,28.49093864858,-82.542083519474
4160 Commercial Way,Spring Hill,FL,34606,28.489396173529,-82.600874011979
3900 A1a South,St Augustine,FL,32080,29.824702435601,-81.271351759775
4444 4th Street North,St Petersburg,FL,33703,27.812548311085,-82.638670008831
785 4th St N,St Petersburg,FL,33701,27.780166940067,-82.638498099725
8700 4th St N,St Petersburg,FL,33702,27.851668151484,-82.63883535167
6127 Se Federal Hwy,Stuart,FL,34997,27.130524146335,-80.202050531733
1622 Capital Cir Ne,Tallahassee,FL,32308,30.462263991459,-84.228051968546
2110 N Monroe St,Tallahassee,FL,32303,30.469170576619,-84.287422164717
4210 W Tennessee St,Tallahassee,FL,32304,30.458411317653,-84.350288669752
2223 N West Shore Blvd Ste 104,Tampa,FL,33607,27.960689316403,-82.523992358811
3698 W. Gandy Blvd Unit A,Tampa,FL,33611,27.893637409394,-82.506275414211
6914 W Waters Ave,Tampa,FL,33634,28.025674961642,-82.558315163754
3416 S Washington Ave,Titusville,FL,32780,,
3330 Lithia Pinecrest Rd,Valrico,FL,33596,27.89481643981,-82.244906213897
1550 Us Highway 1,Vero Beach,FL,32960,27.629681590482,-80.389176446102
1025 Bruce B Downs Blvd,Wesley Chapel,FL,33544,28.171953924028,-82.353861045405
901 Havendale Blvd. Nw,Winter Haven,FL,33881,28.044061081982,-81.736410221999
1900 Aloma Ave,Winter Park,FL,32792,28.600344876419,-81.327900046812
459 S Orlando Ave,Winter Park,FL,32789,28.594287550098,-81.365149656785
463701 State Road 200,Yulee,FL,32097,30.628541380991,-81.556396851468
6011 Gall Blvd.,Zephyrhills,FL,33542,28.244697020561,-82.189443183405
1805 N Velasco St,Angleton,TX,77515,29.182867421454,-95.433040275916
7951 Burnet Rd,Austin,TX,78757,30.357154618149,-97.730527262294
2401 S Lamar Blvd,Austin,TX,78704,30.246847207856,-97.777211930997
501 Boyd Rd,Azle,TX,76020,32.899754245494,-97.5441588062
490 W State Highway 71,Bastrop,TX,78602,30.11133177818,-97.351520798618
860 Interstate 10 S,Beaumont,TX,77707,30.096217240797,-94.102592360277
1430 S Main St,Boerne,TX,78006,29.775286318141,-98.723667546643
270 Highway 290 W,Brenham,TX,77833,30.166127265594,-96.395918377105
3210 S Texas Ave,Bryan,TX,77802,30.641629786786,-96.35125571072
2902 E State Hwy 21,Bryan,TX,77803,30.694855246726,-96.361669574557
2540 Old Denton Rd,Carrollton,TX,75006,32.979949081134,-96.909748195693
1020 North Bell Blvd,Cedar Park,TX,78613,30.520925454492,-97.830140986035
4420 State Hwy 6,College Station,TX,77845,30.563260925812,-96.263326113548
4714 Colleyville Blvd,Colleyville,TX,76034,32.878392745006,-97.158670281395
2726 E Business 190,Copperas Cove,TX,76522,,
5631 Lyndon B Johnson Fwy,Dallas,TX,75240,32.926391598942,-96.811032186325
12304 Eastlake Blvd,El Paso,TX,79928,31.68757626766,-106.264864030729
508 W Ennis Ave,Ennis,TX,75119,32.325966165737,-96.631032085137
801 S Adams St,Fredericksburg,TX,78624,30.266332245446,-98.878410511553
500 Baybrook Mall,Friendswood,TX,77546,29.543865119493,-95.151459744438
6027 Broadway,Galveston,TX,77551,29.288168854343,-94.837946430831
3304 Williams Dr,Georgetown,TX,78628,30.665999438785,-97.694502720759
2115 Hwy 16 S,Graham,TX,76450,33.085745746421,-98.584967487917
4095 S Carrier Pkwy,Grand Prairie,TX,75052,32.67346219454,-97.006603084939
3000 Grapevine Mills Pkwy,Grapevine,TX,76051,32.96284068119,-97.045607006734
701 Indian Trl,Harker Heights,TX,76548,31.075883641287,-97.653561972295
501 N Ed Carey Dr,Harlingen,TX,78550,26.223928901652,-97.693331172799
2202 Gessner Rd,Houston,TX,77080,29.812765770751,-95.545141637178
4676 Beechnut St,Houston,TX,77096,29.689234368116,-95.457858460668
2673 South Highway 6,Houston,TX,77082,,
9105 W Sam Houston Pkwy N,Houston,TX,77064,,
6470 Fm 1960 Rd W,Houston,TX,77069,29.976917942235,-95.518301654081
8401 Westheimer Rd,Houston,TX,77063,29.737322739048,-95.514259038123
5848 Westheimer Road,Houston,TX,77057,29.737956962654,-95.482708027924
12420 Gulf Fwy,Houston,TX,77034,29.617699805259,-95.218440055676
9659 N Sam Houston Pkwy E,Humble,TX,77396,29.935199261258,-95.246495692669
870 S Mason Rd,Katy,TX,77450,29.77087116137,-95.751786622776
365 Fm 518 Rd,Kemah,TX,77565,,
207 Sidney Baker St S,Kerrville,TX,78028,30.043483312066,-99.144878268865
702 S Fort Hood St,Killeen,TX,76541,31.115843799008,-97.744860527818
6402 Interstate 45,La Marque,TX,77568,29.403064833746,-95.033997970339
2517 NE Bob Bullock Loop,Laredo,TX,78043,27.612274619079,-99.468283148343
2475 E League City Pkwy,League City,TX,77573,,
409 E State Road 114,Levelland,TX,79336,33.594014304781,-102.362409844448
301 W Loop 281,Longview,TX,75605,32.542045336411,-94.751128964337
4414 114th St,Lubbock,TX,79424,33.490714023848,-101.905513771337
3103 34th St,Lubbock,TX,79410,33.563205057208,-101.881374805708
106 S Lhs Dr,Lumberton,TX,77657,30.246123932817,-94.210951394526
4410 N Conway,Mission,TX,78572,,
1659 S Interstate 35,New Braunfels,TX,78130,29.712285767752,-98.090748575947
8533 Davis Blvd,North Richland Hills,TX,76182,32.906530002994,-97.191857719551
3830 Spencer Hwy,Pasadena,TX,77504,29.665041366941,-95.185546463343
2570 Pearland Pkwy,Pearland,TX,77581,29.560617687954,-95.25842437778
2140 W Oaklawn Rd,Pleasanton,TX,78064,28.942416911401,-98.509782750171
900 N Coit Rd,Richardson,TX,75080,32.960526523143,-96.768738685056
1719 N Interstate 35,Round Rock,TX,78664,30.523428765424,-97.688992261076
6810 Bandera Road,San Antonio,TX,78238,29.496586999946,-98.62010519904
3100 Broadway,San Antonio,TX,78209,29.455285244688,-98.470769072152
13486 San Pedro Ave,San Antonio,TX,78216,29.56164895238,-98.482718705121
3303 Se Military Dr,San Antonio,TX,78223,29.35178828448,-98.434833429441
12822 W Ih 10,San Antonio,TX,78249,,
17244 Ih 35 North,Schertz,TX,78154,,
1489 E Court St,Seguin,TX,78155,29.569092915662,-97.941461443135
1903 N Main St,Taylor,TX,76574,30.5850896978,-97.411397997845
1201 Lake Woodlands Dr,The Woodlands,TX,77380,30.167630627664,-95.455163508484
25840 Kuykendahl Rd,Tomball,TX,77375,30.136047418892,-95.553081608646
6874 S Broadway Ave,Tyler,TX,75703,32.274439793571,-95.306684826309
8706 N Navarro St,Victoria,TX,77904,28.8747627165,-96.997502042195
1000 N Main St,Vidor,TX,77662,30.137138257968,-94.016094146881
507 US Hwy 77,Waxahachie,TX,75165,,
740 Adams Dr,Weatherford,TX,76086,32.731904734717,-97.784057608855
1919 West Expy 83,Weslaco,TX,78596,26.172294404111,-98.008717742886
3207 Edgar Brown Dr,West Orange,TX,77630,,
3111 Midwestern Pkwy,Wichita Falls,TX,76308,33.870440541985,-98.532877641547
200 Aberdeen Pines St Ste A,Aberdeen,NC,28315,,
1857 Hendersonville Rd.,Asheville,NC,28803,35.49941919389,-82.521617689511
851 Brevard Rd,Asheville,NC,28806,,
159 Smokey Park Hwy,Asheville,NC,28806,35.563540325865,-82.629135285647
552 N. Broad St.,Brevard,NC,28712,35.240618712218,-82.729405933312
626 Huffman Mill Rd,Burlington,NC,27215,36.073423915694,-79.491148116978
2778 Nc 24-87,Cameron,NC,28326,35.244498747604,-79.022782283715
201 S Estes Dr Ste 400b,Chapel Hill,NC,27514,35.927636399408,-79.030138511842
14835 Ballantyne Village Way Ste 170,Charlotte,NC,28277,35.052079723779,-80.850482389038
6311 Providence Farm Ln Unit 200,Charlotte,NC,28277,35.055900818845,-80.76946726528
2030 Freeman Park Dr,Charlotte,NC,28273,35.21262645763,-80.820268343707
10234 Clayton Blvd,Clayton,NC,27520,,
2419 Lewisville Clemmons Rd Unit A,Clemmons,NC,27012,36.032871147783,-80.383575427549
2419 Lewisville Clemmons Road Suite C,Clemmons,NC,27012,36.032871147783,-80.383575427549
410 Southeast Blvd,Clinton,NC,28328,34.999623505247,-78.309423952919
1528 Concord Parkway N,Concord,NC,28025,35.440462046256,-80.60715788295
520 Kannapolis Pkwy,Concord,NC,28027,35.421309423544,-80.675513522004
509 10th Street Nw,Conover,NC,28613,35.717267424771,-81.226321437325
113 S Van Buren Rd Ste A,Eden,NC,27288,36.500919469513,-79.743030710753
379 Dowdle Mountain Rd,Franklin,NC,28734,35.16701178239,-83.368490922362
1249 Us 70 Hwy W,Garner,NC,27529,,
1249 US-70 Ste B,Garner,NC,27529,,
2902 Us Highway 70 W,Goldsboro,NC,27530,35.430332218417,-78.065988111639
314 S Main St,Graham,NC,27253,36.064999376484,-79.400368989298
4002 Elton Way Ste 109,Greensboro,NC,27406,36.005318403354,-79.791299600239
1600 New Garden Rd Ste A,Greensboro,NC,27410,36.116655931548,-79.876038948559
1601 C Westover Terrace Ste A,Greensboro,NC,27408,36.094692419553,-79.816406238036
1600 New Garden Road Ste B,Greensboro,NC,27410,36.116655931548,-79.876038948559
1601C Westover Terrace Ste B,Greensboro,NC,27408,36.094692419553,-79.816406238036
2512 Battleground Ave,Greensboro,NC,27408,36.105525064343,-79.826093091175
4411 E 10th St,Greenville,NC,27858,,
15010 Us Highway 17,Hampstead,NC,28443,34.370618846994,-77.707197702196
4144 Highway 49 South,Harrisburg,NC,28075,35.322534329653,-80.646163669536
10 29th Ave Ne,Hickory,NC,28601,35.76968143978,-81.329830069317
2711 South Main Street,High Point,NC,27263,35.925632051858,-79.984166523421
3800 Sutton Way Ste 127,High Point,NC,27265,36.026654321315,-79.971331121831
3001 N Main St Ste 100,Hope Mills,NC,28348,34.985821876517,-78.96482392561
2151 Lejeune Blvd,Jacksonville,NC,28546,34.740868960344,-77.365507996589
832 S Main St,Kernersville,NC,27284,36.111302846896,-80.088734828204
3618 W Vernon Ave,Kinston,NC,28504,35.263838868619,-77.63976590147
6701 Nc Hwy 135,Mayodan,NC,27027,,
3974 Wilson Rd,Mebane,NC,27302,36.072503846168,-79.26701106161
9662 Chapel Hill Road Ste 100,Morrisville,NC,27560,35.809324627966,-78.816011016295
3190 Martin Luther King Jr. Blvd,New Bern,NC,28562,35.101402947004,-77.09154671499
4675 Fayetteville Rd,Raeford,NC,28376,35.007851610265,-79.171739248191
1642 Freeway Dr Ste A,Reidsville,NC,27320,36.348988861842,-79.692817553906
1642 Freeway Dr. Ste B,Reidsville,NC,27320,36.348988861842,-79.692817553906
8508 Richlands Hwy,Richlands,NC,28574,34.898765817454,-77.550299986897
3014 S Horner Blvd,Sanford,NC,27332,35.451121383292,-79.13490003236
4619 Main St,Shallotte,NC,28470,33.977100065811,-78.379689854266
1104 N. Brightleaf Blvd,Smithfield,NC,27577,35.517270018666,-78.320408793274
5079 Southport Supply Rd.,Southport,NC,28461,33.95228723749,-78.048101291533
1025 Glenway Dr,Statesville,NC,28625,35.809104429572,-80.873660282914
252 Turnersburg Hwy Ste A,Statesville,NC,28625,,
804 W Corbett Ave,Swansboro,NC,28584,34.697114539322,-77.13824693942
1409 E Main St,Sylva,NC,28779,35.358805772933,-83.20128436618
102 River Oaks Dr Unit 3,Tarboro,NC,27886,35.883362022901,-77.548398293682
1042 Randolph St,Thomasville,NC,27360,35.862794837793,-80.072482430283
1208 W 15th St,Washington,NC,27889,35.562046470979,-77.060462814294
755 Russ Ave,Waynesville,NC,28786,35.503444100166,-82.990360253588
4209 Oleander Dr Ste 1-4,Wilmington,NC,28403,34.211084552499,-77.891987551479
12216 N Nc Highway 150,Winston Salem,NC,27127,35.994107614028,-80.268251168121
3300 Robinhood Rd,Winston Salem,NC,27106,36.114735184641,-80.310671176123
2885 Reynolda Rd. Ste A,Winston Salem,NC,27106,36.144881683964,-80.300802392446
301 Jonestown Road,Winston Salem,NC,27104,36.075955616775,-80.335856581886
2885 Reynolda Rd Ste B,Winston Salem,NC,27106,36.144881683964,-80.300802392446
214 West Ave,Albion,NY,14411,43.240831774061,-78.200115414318
3010 Niagara Falls Blvd,Amherst,NY,14228,43.033298726844,-78.822610005094
2155 Eggert Rd,Amherst,NY,14226,42.979489496228,-78.822060973432
1511 Route 22,Brewster,NY,10509,41.420963854121,-73.57679534922
1000 Transit Way,Brockport,NY,14420,43.19824795223,-77.932556091436
4221 Recreation Dr,Canandaigua,NY,14424,42.87779872267,-77.242875041926
2002 Jericho Tpke,Commack,NY,11725,40.845973110297,-73.267617847975
3263 Walden Ave,Depew,NY,14043,42.911541526143,-78.698952719179
6051 Transit Rd,East Amherst,NY,14051,43.012250435885,-78.696861929863
597 Columbia Tpke,East Greenbush,NY,12061,42.59909568621,-73.710190911937
6901 E Genesee St,Fayetteville,NY,13066,43.028258540701,-76.044844260589
10375 Bennett Rd,Fredonia,NY,14063,42.452835049348,-79.309228645925
316 Route 9W,Glenmont,NY,12077,42.608183025885,-73.789672687205
122 Freemans Bridge Rd,Glenville,NY,12302,42.842071022225,-73.939758416562
3687 Dewey Ave,Greece,NY,14616,43.237194324226,-77.64695935241
6050 S Park Ave,Hamburg,NY,14075,42.732271130254,-78.825423081804
235 W State St,Herkimer,NY,13350,43.024353757638,-74.987845975228
309 Main Street,Huntington,NY,11743,40.87100743688,-73.428401755565
3701 Expressway Dr N,Islandia,NY,11749,40.810128822054,-73.159331371629
212 N Comrie Ave,Johnstown,NY,12095,43.016377189704,-74.361208277165
3683 Hempstead Turnpike,Levittown,NY,11756,40.725695648877,-73.499964078835
1146 Pittsford Palmyra Rd,Macedon,NY,14502,43.064375199646,-77.322475564539
266 W Main St,Malone,NY,12953,44.848402556939,-74.303257808078
521 State Route 67,Malta,NY,12020,42.970542028906,-73.799152554
1 1/2 Malby Avenue,Massena,NY,13662,44.926033547563,-74.87752489667
2815 Horseblock Rd,Medford,NY,11763,40.827377783566,-72.994068244132
160 Dolson Ave,Middletown,NY,10940,41.428372920748,-74.426101684481
3150 E Main St,Mohegan Lake,NY,10547,41.313750467201,-73.866339119906
2644 State Route 32,New Windsor,NY,12553,41.452516417783,-74.057227379852
302 W 37th St,New York,NY,10018,40.754090247599,-73.992239274137
1218 2nd Ave,New York,NY,10065,40.763658936697,-73.962036144722
1502 Deer Park Ave,North Babylon,NY,11703,40.748852910108,-73.324524031195
1200 Patterson St,Ogdensburg,NY,13669,44.690994722817,-75.475639422644
1067 Oneida Plaza Dr,Oneida,NY,13421,43.076975838587,-75.691213721239
130 Consumer Sq,Plattsburgh,NY,12901,44.695356520212,-73.487554107665
2001 South Rd Ste D209,Poughkeepsie,NY,12601,41.627123341386,-73.917046797091
661 Dutchess Tpke,Poughkeepsie,NY,12603,41.698904446966,-73.880739897167
1233 E Ridge Rd Ste 3,Rochester,NY,14621,43.19755102374,-77.584137387624
1190 University Ave Ste A,Rochester,NY,14607,43.15184194605,-77.571355479446
320 Adams St,Rome,NY,13440,43.211835654787,-75.463267978054
338 Route 212,Saugerties,NY,12477,42.083682761838,-73.969718249376
1277 Middle Country Rd,Selden,NY,11784,40.862353890638,-73.0578234361
6511 Thompson Rd,Syracuse,NY,13206,43.085947058658,-76.090144616189
3705 W Genesee St,Syracuse,NY,13219,43.046726308826,-76.239631973813
710 Horatio St,Utica,NY,13502,43.127750773138,-75.22556663722
2454 State Route 414,Waterloo,NY,13165,42.90653580011,-76.836805626666
1930 Empire Blvd,Webster,NY,14580,43.192671534218,-77.502387091326
4240 Bolivar Rd,Wellsville,NY,14895,42.12600212435,-77.969721875165
701 Orchard Park Rd,West Seneca,NY,14224,,
5221 Main St,Williamsville,NY,14221,42.960632846524,-78.757775982038
2035 Crompond Rd,Yorktown Heights,NY,10598,41.277539185823,-73.7844748439
4414 Highway 58,Chattanooga,TN,37416,35.084258993304,-85.201478166472
5665 Brainerd Rd,Chattanooga,TN,37411,35.011562274615,-85.214574623878
1748 Dayton Blvd Ste 120,Chattanooga,TN,37405,35.084119271139,-85.317482367184
2801 Wilma Rudolph Blvd Unit 190,Clarksville,TN,37040,36.588086735227,-87.293490651946
1820 Madison St Ste H,Clarksville,TN,37043,36.513812385917,-87.311023815638
4128 Fort Henry Dr Ste A,Kingsport,TN,37663,36.483949027991,-82.502025217509
4233 W Stone Dr,Kingsport,TN,37660,36.552722052261,-82.620611170728
6609 Kingston Pike Ste A,Knoxville,TN,37919,35.93188940159,-84.011901361332
4731 N Broadway St,Knoxville,TN,37918,36.024556853528,-83.926587938602
1027 N Cedar Bluff Rd,Knoxville,TN,37923,35.939716634263,-84.094717037146
7552 Chapman Hwy,Knoxville,TN,37920,35.907466041843,-83.838977830716
9304 Kingston Pike Ste A,Knoxville,TN,37922,35.911164249365,-84.089085132733
7600 Kingston Pike Ste 1048,Knoxville,TN,37919,35.928422774908,-84.036239640486
1718 Cumberland Ave,Knoxville,TN,37916,35.956381821493,-83.932680153521
6609 Kingston Pike Ste B,Knoxville,TN,37919,35.93188940159,-84.011901361332
15567 Old Hickory Blvd,Nashville,TN,37211,36.039838093753,-86.741804430916
376 Opry Mills Dr Rm 120,Nashville,TN,37214,,
7645 Highway 70 S,Bellevue,TN,37221,36.078267317939,-86.950087196968
1428 Us Hwy 11 W,Bristol,TN,37620,36.588980543306,-82.268302865694
2230 N Charles G Seivers Blvd.,Clinton,TN,37716,36.162454538828,-84.08766232248
240 Sam Walton Dr,Dayton,TN,37321,,
15018 Rankin Ave,Dunlap,TN,37327,35.363263338622,-85.394174947649
710 W Elk Ave,Elizabethton,TN,37643,,
1320 S Roane Street,Harriman,TN,37748,35.916011834367,-84.578261294894
2820 Appalachian Hwy Ste A,Jacksboro,TN,37757,36.333739947021,-84.178296408302
1405 Russell Ave,Jefferson City,TN,37760,36.115495448064,-83.493093832534
2122 N Roan Street Ste 1,Johnson City,TN,37601,36.341481367748,-82.375345268075
1059 Hwy 321 N,Lenoir City,TN,37771,35.826233597011,-84.275582704198
1102 Foch Street,Maryville,TN,37801,35.758250116379,-83.991421776923
8445 Us Highway 64,Memphis,TN,38133,35.204181971598,-89.78118359952
11366 Lebanon Road,Mount Juliet,TN,37122,36.230887915312,-86.515776885662
3006 S Rutherford Blvd Ste E And F,Murfreesboro,TN,37130,35.835223483805,-86.350773515963
1009 Cosby Hwy,Newport,TN,37821,35.946734986366,-83.204984603324
220 S Illinois Ave,Oak Ridge,TN,37830,36.007115798518,-84.259412991996
8985 Old Lee Hwy Ste 101,Ooltewah,TN,37363,35.084626515351,-85.066649491973
304 S Broadway,Portland,TN,37148,36.583257065561,-86.516963312443
442 E Emory Rd,Powell,TN,37849,36.049867006888,-83.99699806512
1826 N Main St,Shelbyville,TN,37160,35.511934336662,-86.455857811739
5310 Main St,Spring Hill,TN,37174,35.751038023705,-86.930162666575
6464 S Raccoon Rd,Canfield,OH,44406,41.02522948748,-80.737011356358
1307 W 5th Ave,Columbus,OH,43212,39.988567095963,-83.041114014922
5976 E Main St,Columbus,OH,43213,39.954766545375,-82.838414105883
6820 Sawmill Rd,Columbus,OH,43235,40.10556977185,-83.091079734112
3416 N High St,Columbus,OH,43214,40.031843074284,-83.015849074613
518 S 2nd St,Coshocton,OH,43812,40.267993290153,-81.869090543954
1007 N Clinton St,Defiance,OH,43512,41.300101954932,-84.36065916788
5425 Dixie Hwy,Fairfield,OH,45014,39.3347183621,-84.525777932403
2574 State Route 59,Kent,OH,44240,,
8180 Orange Center Dr,Lewis Center,OH,43035,40.172596308171,-83.020042408637
4805 Leavitt Rd,Lorain,OH,44053,41.426168191803,-82.205857546264
5995 N Ridge Rd,Madison,OH,44057,41.80090945172,-81.074254048782
107 Pike St,Marietta,OH,45750,39.414613689132,-81.441779317611
1095 Delaware Ave,Marysville,OH,43040,40.237647856065,-83.349869967426
250 Chamber Dr,Milford,OH,45150,39.160444001919,-84.278092373431
1216 W High Ave,New Philadelphia,OH,44663,40.49321624431,-81.471267499505
11129 Gold Ct,Painesville,OH,44077,,
1130 Levis Commons Blvd,Perrysburg,OH,43551,41.52737672841,-83.637394931685
9110 Bunker Ln,Powell,OH,43065,,
4186 Kent Rd,Stow,OH,44224,41.157546346095,-81.412277402687
465 S. State Street,Westerville,OH,43081,40.114090473487,-82.927312940751
1537 Rombach Ave,Wilmington,OH,45177,39.449639488153,-83.801775834102
40 S Progress Dr,Xenia,OH,45385,39.68874435786,-83.963352869907
2830 Maple Ave,Zanesville,OH,43701,39.974931821812,-82.012767784633
253 Sea Island Pkwy,Beaufort,SC,29907,32.407039842165,-80.636585909356
226 Robert Smalls Pkwy,Beaufort,SC,29906,32.428988062017,-80.721180893581
861 Folly Road Ste 101,Charleston,SC,29412,32.734990069413,-79.968450073895
1075 Tiger Blvd Ste A,Clemson,SC,29631,34.691204489108,-82.835111369377
3431 Forest Dr,Columbia,SC,29204,34.018675532374,-80.991439083657
5401 Forest Drive,Columbia,SC,29206,34.023538354008,-80.953014614322
7541 Garners Ferry Rd.,Columbia,SC,29209,33.961796821409,-80.941167902383
331 Killian Rd Ste B6,Columbia,SC,29203,34.134016557144,-80.967481579374
7007 Two Notch Rd Ste A,Columbia,SC,29223,34.062337436353,-80.960129522585
1201 N Fraser St,Georgetown,SC,29440,,
117 St. James Ave,Goose Creek,SC,29445,32.998126425735,-80.039881892114
700 Haywood Rd Rm 2029c,Greenville,SC,29607,34.849692765972,-82.337623670835
2 Marina Side Drive,Hilton Head,SC,29928,,
116a W Butler Rd,Mauldin,SC,29662,34.777215811835,-82.313149466532
905 Johnnie Dodds Blvd,Mount Pleasant,SC,29464,,
2856 S Highway 17,Murrells Inlet,SC,29576,33.58649225658,-79.011756775172
102 Loyola Dr Ste C,Myrtle Beach,SC,29588,33.640916435426,-78.990378594103
1057 Edgefield Rd,North Augusta,SC,29860,33.572999398071,-81.938519798788
4958 Centre Pointe Dr Ste 105,North Charleston,SC,29418,,
145 Okatie Center Blvd N,Okatie,SC,29909,32.299139986076,-80.941642573942
2427 Cherry Road,Rock Hill,SC,29732,34.969582624453,-80.99272835213
9970 Dorchester Road Ste 107-108,Summerville,SC,29485,32.95177151456,-80.161057069354
2367 Augusta Rd Ste A,West Columbia,SC,29169,33.982262415516,-81.10091512401
2290 Bristol Rd,Bensalem,PA,19020,40.130732693863,-74.923275496953
535 Lancaster Ave,Berwyn,PA,19312,40.047928519175,-75.437379123895
14576 Clearfield Shawville Hwy,Clearfield,PA,16830,41.036112250137,-78.399647399928
1420 Morrell Ave,Connellsville,PA,15425,40.004123853668,-79.602892737969
8929 University Blvd,Coraopolis,PA,15108,40.504438463469,-80.222626039607
2595 N Reading Rd,Denver,PA,17517,40.232518893789,-76.078844558458
549 S Oxford Valley Rd,Fairless Hills,PA,19030,40.168137529227,-74.848398641659
1831 Bethlehem Pike,Flourtown,PA,19031,40.109453949608,-75.21396095915
5317 William Flynn Hwy,Gibsonia,PA,15044,40.616011329159,-79.946583524347
90 N Macdade Blvd,Glenolden,PA,19036,,
1408 Baltimore St,Hanover,PA,17331,39.77362799625,-76.960275680323
1161 Mae Street,Hummelstown,PA,17036,40.271060435261,-76.686701719021
1758 Allentown Rd,Lansdale,PA,19446,40.261351736142,-75.329038716665
1199 S Main St,Mansfield,PA,16933,41.782587627531,-77.069357445786
16383 Conneaut Lake Rd,Meadville,PA,16335,41.621570368256,-80.208237905964
3515 West Chester Pike,Newtown Square,PA,19073,39.985621711341,-75.394193356741
970 Greentree Rd,Pittsburgh,PA,15220,40.422199111485,-80.04601955941
1107 Million Dollar Hwy,Saint Marys,PA,15857,,
314 E Lancaster Ave,Wayne,PA,19087,40.043589627131,-75.380886141329
12785 Washington Township Blvd,Waynesboro,PA,17268,39.748474500066,-77.527743153226
2196 White St,York,PA,17404,39.963082760537,-76.769209699696
13965 Manchester Rd,Ballwin,MO,63011,38.596053861548,-90.489422082937
920 S Springfield Ave,Bolivar,MO,65613,37.604828252214,-93.406423696903
188 Vantage Dr,Cape Girardeau,MO,63701,37.302896775441,-89.576540029605
1724 E Ohio St,Clinton,MO,64735,38.366174003428,-93.75145159582
1413 Grindstone Plaza Dr,Columbia,MO,65201,38.911308378703,-92.320378572862
303 N Stadium Blvd,Columbia,MO,65203,38.958796133089,-92.37140426042
29 Clarkson Rd,Ellisville,MO,63011,38.594053084845,-90.585784395996
2560 South State Route 291,Independence,MO,64057,,
2015 Missouri Blvd,Jefferson City,MO,65109,38.580985045051,-92.203054455381
3405 S Range Line Rd,Joplin,MO,64804,37.052563904929,-94.47829940866
5170 N Oak Trfy,Kansas City,MO,64118,39.186977521585,-94.576661694584
9360 N Oak Trfy,Kansas City,MO,64155,39.263379378385,-94.575861122977
400 S Johnson Dr,Nevada,MO,64772,37.833122368637,-94.324366906341
3825 Highway 54,Osage Beach,MO,65065,,
9008 Nw 45 Hwy,Parkville,MO,64152,39.210907299169,-94.685180858977
904 N Belt Hwy,Saint Joseph,MO,64506,39.775006840278,-94.803359823466
3971 Veterans Memorial Pkwy,Saint Peters,MO,63376,38.793723850485,-90.567377257213
1006 Worley Drive,West Plains,MO,65775,36.716368080483,-91.874075149484
1321 N Main St,Altus,OK,73521,34.651198366442,-99.333949831969
1625 12th Ave Nw,Ardmore,OK,73401,34.187541312607,-97.149496924978
2104 S 4th St,Chickasha,OK,73018,35.029428571095,-97.935267722151
1663 Morris Dr,Duncan,OK,73533,,
3301 S Boulevard,Edmond,OK,73013,35.623412193082,-97.478274740113
1500 E 2nd St,Edmond,OK,73034,35.652680473777,-97.460377098416
1501 S Broadway,Edmond,OK,73013,35.638250628248,-97.483596435442
4334 W Owen K Garriott Rd,Enid,OK,73703,36.390911961607,-97.931120455642
5600 Tinker Diagonal,Midwest City,OK,73110,35.444705261597,-97.42360419046
318 E State Highway 152,Mustang,OK,73064,35.391635533454,-97.72839640512
2850 Nw 63rd St,Oklahoma City,OK,73116,35.536491898368,-97.564098625874
10420 S I 44 Service Rd,Oklahoma City,OK,73159,,
4101 S Peoria Ave,Tulsa,OK,74105,36.104256751629,-95.975658809516
10031 E 71st St,Tulsa,OK,74133,36.060965855475,-95.864582619193
10035 S Memorial Dr,Tulsa,OK,74133,36.018509978006,-95.886436628706
1221 Garth Brooks Blvd,Yukon,OK,73099,,
107 Frances Ln,Beaver Dam,WI,53916,,
2911 Milwaukee Rd,Beloit,WI,53511,42.525349804501,-88.981268734135
19005 W Capitol Dr,Brookfield,WI,53045,43.090392301174,-88.147963394609
2960 Cahill Main,Fitchburg,WI,53711,43.017095762654,-89.423522615498
N112w16076 Mequon Rd,Germantown,WI,53022,43.22111050581,-88.112243442789
2512 Washington St,Grafton,WI,53024,43.320393786434,-87.924667170758
2415 W Mason St,Green Bay,WI,54303,44.524086672125,-88.083722665299
5632 S 108th St,Hales Corners,WI,53130,42.94198140828,-88.048225247697
3565 Market Ln,Kenosha,WI,53144,42.606067368027,-87.879279987792
6918 Seybold Rd,Madison,WI,53719,43.051792354735,-89.502120141027
4622 Calumet Ave,Manitowoc,WI,54220,44.073416531044,-87.708858810017
5930 Washington Ave,Mount Pleasant,WI,53406,42.719124738829,-87.851870391966
101 Wolf Run,Mukwonago,WI,53149,42.848425249491,-88.318591219882
4828 S Moorland Rd,New Berlin,WI,53151,42.957242022702,-88.108740827541
2730 N Grandview Blvd,Waukesha,WI,53188,43.040771667701,-88.256039374791
1955 W Washington St,West Bend,WI,53095,43.427056831101,-88.203109720455
1212 E Wishkah St,Aberdeen,WA,98520,46.977414508569,-123.802806844274
1200 E Sunset Dr,Bellingham,WA,98226,48.772421577775,-122.459558863481
4303 Meridian St,Bellingham,WA,98226,48.79712850934,-122.486076318912
21129 Bothell Everett Hwy,Bothell,WA,98021,47.80620325144,-122.20761456736
3620 Broadway,Everett,WA,98201,47.969780542118,-122.201268102406
3311 W Clearwater Ave,Kennewick,WA,99336,46.212245835717,-119.166153311152
3000 184th St Sw,Lynnwood,WA,98037,47.831710365964,-122.274528502357
31370 State Route 20,Oak Harbor,WA,98277,48.286506135414,-122.659046602899
17258 Redmond Way,Redmond,WA,98052,47.670809857995,-122.110767072027
960 Park Ave N,Renton,WA,98057,47.497543064327,-122.202145149158
4306 S Regal St,Spokane,WA,99223,47.615236995747,-117.368643462735
5178 Capital Blvd Se,Tumwater,WA,98501,47.000187586414,-122.908795595837
6300 Ne 117th Ave,Vancouver,WA,98662,45.668168980099,-122.552648953552
17742 Garden Way Ne,Woodinville,WA,98072,47.755932229635,-122.15538706043
4008 Summitview Ave,Yakima,WA,98908,46.599855042114,-120.562133761981
5 Schilling Dr,Brewer,ME,4412,,
206 Us Route 1,Falmouth,ME,4105,43.719560334655,-70.233001273063
285 W Broadway,Lincoln,ME,4457,45.355908807753,-68.527849156696
3 Somerset St,Portland,ME,4101,43.66346165236,-70.259575141969
364 Maine Mall Ste S107,South Portland,ME,4106,43.628895929104,-70.293556494939
160 Elm Plz,Waterville,ME,4901,44.566996917395,-69.638537340008
20 Weeks Ln,Dover,NH,3820,43.222754651633,-70.886267128147
86 Calef Hwy,Epping,NH,3042,43.027970865634,-71.073869991869
1500 S Willow St Spc E129,Manchester,NH,3103,42.956443334518,-71.435741185803
25 Lafayette Rd,North Hampton,NH,3862,42.997786987912,-70.816738035341
2875 Lafayette Rd,Portsmouth,NH,3801,,
332 Lafayette Rd,Seabrook,NH,3874,42.885660146539,-70.869585209758
1542 Us Route 302,Barre,VT,5641,44.230100746878,-72.553186007648
18 Lower Mountain View Dr,Colchester,VT,5446,44.507175420437,-73.180243811057
186 Swanton Rd,Saint Albans,VT,5478,44.836787125246,-73.080835636094
60 Merchants Row,Williston,VT,5495,,
1270 Shelburne Rd,South Burlington,VT,5403,44.435161305358,-73.210534210449
825 Williston Rd Ste 900,South Burlington,VT,5403,,
898 3rd Ave,Huntington,WV,25701,38.421971781558,-82.444300037738
539 State Route 34,Hurricane,WV,25526,38.427751740686,-82.019820422219
123 Prosperity Ln,Logan,WV,25601,,
1159 Van Voorhis Rd Ste B,Morgantown,WV,26505,39.658951980731,-79.963421786148
40 R H L Blvd,South Charleston,WV,25309,38.331588275999,-81.712878275527
806 S Duff Ave Ste 101,Ames,IA,50010,42.016130201212,-93.610262584453
4932 Se 14th St,Des Moines,IA,50320,41.539459747314,-93.596985453001
3432 Dodge St Ste 104-106,Dubuque,IA,52003,42.491901722162,-90.721922658359
2957 5th Ave S,Fort Dodge,IA,50501,42.501175143542,-94.155699835931
4063 4th St Sw,Mason City,IA,50401,43.148149341447,-93.262196787191
1270 Promenade Pl Ste 100,Eagan,MN,55121,44.834882700626,-93.156262923603
474 Hamline Ave N,Saint Paul,MN,55104,44.955237494881,-93.156736896685
1605 1st St S Spc Fs2,Willmar,MN,56201,45.106599813232,-95.042603017795
340 Us Highway 9,Lanoka Harbor,NJ,8734,39.852101994024,-74.182302613434
1005 Nixon Dr Ste 111a,Mount Laurel,NJ,8054,39.939531676637,-74.964422552962
280 New Rd Unit 26,Somers Point,NJ,8244,39.328261760893,-74.596300880238
3825 S Maryland Pkwy Ste A,Las Vegas,NV,89119,36.119602803509,-115.137618180911
4503 W Sahara Ave Ste 1,Las Vegas,NV,89102,36.144323396077,-115.201850117591
8145 Blue Diamond Rd,Las Vegas,NV,89178,36.020091293429,-115.269119668242
2603 N 4th St,Coeur D Alane,ID,83815,47.700818434537,-116.780933133085
819 21st St,Lewiston,ID,83501,46.412153769196,-117.001838605025
11 E Main Rd,Middletown,RI,2842,41.517630853266,-71.2974161934
1483 Mineral Spring Ave Ste 3,North Providence,RI,2904,41.865330080757,-71.444982183871
1060 W Main St,Abingdon,VA,24210,36.698600423508,-82.010129904168
2920 Richmond Hwy,Alexandria,VA,22305,38.831974701531,-77.05132353804
200 N Washington Hwy,Ashland,VA,23005,37.75968398574,-77.471607575012
105 Gate City Hwy,Bristol,VA,24201,36.596056554908,-82.211436292637
1200 Emmet St N,Charlottesville,VA,22903,38.052786735763,-78.498871908509
1024 Battlefield Blvd N,Chesapeake,VA,23320,36.756666959234,-76.248807858211
2621 W Hundred Rd,Chester,VA,23831,37.3550899611,-77.41465166789
2670 Market St,Christiansburg,VA,24073,37.166387268025,-80.42171443987
575 James Madison Hwy,Culpeper,VA,22701,38.480818244853,-77.980692150298
21100 Dulles Town Cir,Dulles,VA,20166,39.034650989538,-77.423450047479
10950 Lee Hwy,Fairfax,VA,22030,38.85316111711,-77.321679877602
7347 Peppers Ferry Blvd.,Fairlawn,VA,24141,37.149423415015,-80.583671537806
1411 N Shenandoah Ave,Front Royal,VA,22630,38.93594688838,-78.199107962938
7457 Hillwood Dr.,Gainesville,VA,20155,38.795964370335,-77.617271646309
1025 E Stuart Dr,Galax,VA,24333,36.68474679791,-80.889342908229
10030 Hull Street Rd,North Chesterfield,VA,23236,37.444004578035,-77.580442599733
41738 W Morgan Ave,Pennington Gap,VA,24277,36.758423747982,-83.027507168794
5909 W Broad St,Richmond,VA,23230,37.591914686404,-77.506317859888
8550 Patterson Ave,Richmond,VA,23229,37.594686412103,-77.564823948386
4014 Electric Road,Roanoke,VA,24018,37.224143612205,-79.983981570775
6926 Peters Creek Rd,Roanoke,VA,24019,37.346217328585,-79.957161090805
660 Old Franklin Tpke,Rocky Mount,VA,24151,37.015623899908,-79.864340207254
1407 W Main St,Salem,VA,24153,37.289627063644,-80.080403915577
2059 Chain Bridge Rd,Vienna,VA,22182,38.916331142034,-77.237167111551
901 Hardy Rd,Vinton,VA,24179,37.272990020423,-79.888599509688
5232 Providence Rd,Virginia Beach,VA,23464,36.813914683313,-76.168023052605
1048 Independence Blvd,Virginia Beach,VA,23455,36.873783167154,-76.134331939046
701 Lynnhaven Parkway,Virginia Beach,VA,23452,36.820609069418,-76.067106389325
1801 Rosser Avenue,Waynesboro,VA,22980,,
15424 Southfield Rd,Allen Park,MI,48101,42.258926555372,-83.205051503954
3389 Plymouth Rd,Ann Arbor,MI,48105,42.304373252452,-83.695451935295
2527 S Telegraph Rd,Bloomfield,MI,48302,42.602218804793,-83.288213864487
6301 Dixie Hwy,Bridgeport,MI,48722,43.354830027729,-83.873266475736
5651 Mercury Dr,Dearborn,MI,48126,42.331631671475,-83.205514450176
1045 Woodward Ave,Detroit,MI,48226,42.332286304789,-83.047338809436
16482 Tecumseh Rd,Dundee,MI,48131,41.961980130608,-83.686848662789
19307 Mack Ave,Grosse Pointe Woods,MI,48236,42.421168369649,-82.91041523
29523 Plymouth Rd,Livonia,MI,48150,42.369086952661,-83.334478071359
5 S Groesbeck Hwy,Mount Clemens,MI,48043,42.598576372799,-82.899980946114
502 Brookway Blvd,Brookhaven,MS,39601,,
12100 Highway 49,Gulfport,MS,39503,,
2604 Hardy St,Hattiesburg,MS,39401,,
1411 Delaware Ave,McComb,MS,39648,31.247489808368,-90.470018963861
235 John R Junkin Dr,Natchez,MS,39120,31.549778693615,-91.409638235648
3415 Denny Avenue,Pascagoula,MS,39581,30.376765996985,-88.529253801605
1401 Armand Dr,Picayune,MS,39466,,
2310 Iowa Ave,Vicksburg,MS,39180,,
4111 Coors Blvd Nw,Albuquerque,NM,87120,35.129948659308,-106.701822001291
1001 W Pierce St,Carlsbad,NM,88220,32.435685358633,-104.237640094267
1001 W Pierce St Ste B,Carlsbad,NM,88220,32.435685358633,-104.237640094267
2920 E Main St,Farmington,NM,87402,36.744005674285,-108.166637880557
4008 N Lovington Hwy,Hobbs,NM,88240,32.744129407582,-103.164560248729
1451 Main St Sw,Los Lunas,NM,87031,34.812501468994,-106.744181823957
915 Pat D Arco Hwy,Rio Rancho,NM,87124,,
3901 N Main St,Roswell,NM,88201,,
4961 Main St,Santa Fe,NM,87507,35.619285151341,-106.030531571319
8845 Sw Cascade Ave,Beaverton,OR,97008,45.453498798089,-122.785019693074
1120 Se 3rd St,Bend,OR,97702,44.038291113597,-121.3041143359
1810 Nw 9th St,Corvallis,OR,97330,44.584378521693,-123.25745176607
2838 South 6th St,Klamath Falls,OR,97603,42.210437734436,-121.755383128641
635 Ne Highway 99 W,McMinnville,OR,97128,45.22396226132,-123.193041882709
1850 Nw 6th St,Redmond,OR,97756,44.293723535781,-121.173823060829
1991 Lancaster Dr Ne,Salem,OR,97305,44.953748595005,-122.983770549087
7700 Sw Dartmouth St.,Tigard,OR,97223,45.433725057815,-122.755183197877
1490 Se Discovery Ln,Warrenton,OR,97146,,
4656 S 900 E Ste A,Murray,UT,84117,40.669129475052,-111.865311530867
253 12th St,Ogden,UT,84404,41.244283053715,-111.974363125945
794 N State St,Orem,UT,84057,40.311719454008,-111.70130748913
250 E University Pkwy,Orem,UT,84058,40.273421743759,-111.688880396728
1018 W Sunset Blvd,Saint George,UT,84770,37.124714584138,-113.605175501622
51 S Main St Ste 250,Salt Lake City,UT,84101,,
901 W 1700 S,Syracuse,UT,84075,41.089094642709,-112.042786375211
618 W 2600 S Ste 8,Woods Cross,UT,84010,40.861663896979,-111.894275547844
