street,city,state,postal_code,latitude,longitude
1221 W 4th St,Adel,GA,31620,31.136508334183,-83.440124078455
1515 E Us 223,Adrian,MI,49221,41.874984467037,-84.033118972195
790 Arlington Rdg,Akron,OH,44312,41.043600186727,-81.439901426642
718 Del Sol Dr,Alamosa,CO,81101,37.480781246241,-105.902701485998
2831 Ledo Rd,Albany,GA,31707,31.622595320423,-84.214004250264
120 Westview Shopping Ctr,Albany,KY,42602,36.69817961831,-85.14471619186
3510 Coors Blvd Sw,Albuquerque,NM,87121,35.025173291716,-106.714192553368
7011f Manchester Blvd,Alexandria,VA,22310,38.763868541529,-77.150660375853
2521 E Main St,Alice,TX,78332,27.765861681104,-98.043652329724
6370 Lake Michigan Dr,Allendale,MI,49401,42.972160723673,-85.943510575454
7455 N Alger Rd,Alma,MI,48801,43.399316441422,-84.666853843021
1006 E Holland Ave,Alpine,TX,79830,30.36020254211,-103.652569972518
3427 S Soncy Rd,Amarillo,TX,79119,35.1760293082,-101.938067097279
2801 Grand Ave,Ames,IA,50010,42.050595083253,-93.620731483382
912 W Oak St,Amite,LA,70422,30.726640875856,-90.522052641313
401 North Main Street,Andrews,TX,79714,32.315463907733,-102.545474862868
380 North Main Street,Angels Camp,CA,95222,38.086805834801,-120.568991596107
7815 Richmond Hwy,Appomattox,VA,24522,37.364200682394,-78.846002660823
660 Main St,Arcade,NY,14009,42.53176393274,-78.453481780766
912 North Collins,Arlington,TX,76011,32.748287214263,-97.097404544355
2445 N Harrison St,Arlington,VA,22207,38.896800306822,-77.138391700028
1700 W Main St,Artesia,NM,88210,32.842234444127,-104.417779536379
10 Highway 62 412,Ash Flat,AR,72513,,
44110 Ashburn Shopping Plz,Ashburn,VA,20147,39.044798568611,-77.476760788083
203 Loop 59,Atlanta,TX,75551,,
168 Lindberg Ave,Atmore,AL,36502,31.005062975081,-87.489762659852
12901 North Ih 35,Austin,TX,78753,30.418067428429,-97.672321558322
10930 Lakeline Mall Dr,Austin,TX,78717,30.474858236781,-97.795368328013
6929 Airport Blvd,Austin,TX,78752,30.335627185138,-97.717652358945
166 Hargraves Dr,Austin,TX,78737,30.204892471587,-97.978990120232
7710 N Fm 620 Rd,Austin,TX,78726,30.40718520141,-97.85227346404
1308 Springfield Rd,Ava,MO,65608,36.961271021799,-92.672057286317
20475 Biscayne Blvd G13,Aventura,FL,33180,25.96602444161,-80.145957607257
101 Fawcett Rd,Avon,CO,81620,,
4915 Richmond Tappahannock Hwy,Aylett,VA,23009,37.744089600741,-77.13402669052
1002 Granite Dr,Bardstown,KY,40004,,
2311 Se Adams Blvd,Bartlesville,OK,74006,36.742481203273,-95.950409109426
711 E Valley Rd,Basalt,CO,81621,39.387979710014,-107.083677843065
6033 Mer Rouge Rd,Bastrop,LA,71220,32.773455359978,-91.873544412602
3050 Harrison St,Batesville,AR,72501,35.764544373047,-91.616536041785
105 John R Lovelace Dr,Batesville,MS,38606,34.30939128018,-89.914225926606
13730 Millerville Greens Blvd,Baton Rouge,LA,70816,,
2059 W. Center St.,Beebe,AR,72012,35.06844523059,-91.905757603304
2400 N Saint Marys St,Beeville,TX,78102,28.423259240877,-97.757018282791
138 Main St,Belfast,ME,4915,44.425268189319,-69.00890477133
1915 Carlyle Ave,Belleville,IL,62221,38.519287566114,-89.883322172429
995 W 4th St,Benson,AZ,85602,31.970996238984,-110.315535690571
928 West Trimble Ave,Berryville,AR,72616,36.377652127117,-93.585102740515
10400 Old Georgetown Rd,Bethesda,MD,20814,39.024915242436,-77.125611161793
5189 Competition Dr,Bettendorf,IA,52722,,
898 Middle Rd,Bettendorf,IA,52722,41.539949404049,-90.519397168768
142 Brimbal Ave,Beverly,MA,1915,42.576621584894,-70.880495469829
2503 S Gregg St,Big Spring,TX,79720,,
13 E 5th St S,Big Stone Gap,VA,24219,36.867201781692,-82.773881472871
140 Eisenhower Dr,Biloxi,MS,39531,30.391502947111,-88.992492128293
789 North Main Street,Bishop,CA,93514,37.369122915686,-118.395457261678
601 West State Street,Black Mountain,NC,28711,35.613021086921,-82.328416579396
130 Court Square,Blakely,GA,39823,,
166 N Grayson Parkway,Blanding,UT,84511,37.627680503525,-109.472210244517
38 Montauk Hwy,Blue Point,NY,11715,40.752453676406,-73.039739815524
100 Cumberland St,Bogalusa,LA,70427,30.785186217163,-89.864594713627
4481 Sunrise Highway,Bohemia,NY,11716,40.753597952964,-73.120141669308
1855 S Springfield Ave,Bolivar,MO,65613,37.600558574724,-93.404726029302
2008 N Sh 121,Bonham,TX,75418,33.624730119156,-96.189660338367
246 Wilson Dr.,Boone,NC,28607,36.201922527112,-81.671165104624
1586 Us Hwy 421 S,Boone,NC,28607,,
62 E Main St,Booneville,AR,72927,35.140150295057,-93.921050686535
1303 W Wilson St,Borger,TX,79007,35.661005606784,-101.405149144373
4970 Barksdale Blvd,Bossier City,LA,71112,32.456658575153,-93.659502716524
2513 Beene Blvd,Bossier City,LA,71111,32.559837337243,-93.715129134663
416 W Broadway,South Boston,MA,2127,42.336815624489,-71.047649532251
42395 Ryan Rd,Ashburn,VA,20148,38.986604486796,-77.535598550443
10866 Hwy 76,Branson West,MO,65737,36.696782743581,-93.365074280602
120 Fm 3099,Breckenridge,TX,76424,32.759696284554,-98.945646428853
3990 Bremen Xing,Bremen,GA,30110,,
531 Farmington Ave,Bristol,CT,6010,41.689999897053,-72.9260202486
1226 E Hillside Dr,Broken Arrow,OK,74012,36.06537299359,-95.77695658256
1402 Lubbock Rd,Brownfield,TX,79316,,
1201 Dutchmans Creek Dr,Brunswick,MD,21716,,
1124 S Ash,Buffalo,MO,65622,37.633144571348,-93.104384107924
10 S Main St,Buffalo,WY,82834,44.346363385177,-106.698752575011
304 14th St,Burlington,CO,80807,39.303534861066,-102.2679642713
41 Charlie Brown Rd,Burnsville,NC,28714,35.913113532648,-82.32184140249
3745 Harrison Ave,Butte,MT,59701,,
325 84th St Sw,Byron Center,MI,49315,42.811867718883,-85.672155427859
1000 1st Ave Ne,Cairo,GA,39828,30.877587753519,-84.198988256733
692 Cash Rd Sw,Camden,AR,71701,33.574314287813,-92.851356669905
117 Us Highway 19 N,Camilla,GA,31730,31.233546651533,-84.20017972908
399 Campbellsville Byp,Campbellsville,KY,42718,37.348108798211,-85.373759988168
5933 Us Highway 11,Canton,NY,13617,,
203 E Dallas St,Canton,TX,75103,32.556418712438,-95.862628636823
2521 S Canal St,Carlsbad,NM,88220,32.39506041957,-104.22112839383
421 Bankhead Hwy,Carrollton,GA,30117,33.584528398777,-85.060753679716
941 Upper Ferry Rd,Carthage,TN,37030,36.244784906246,-85.944135589141
1397 E Florence Blvd,Casa Grande,AZ,85122,32.879498392439,-111.727691346738
401 Main Street,Cassville,MO,65625,36.676603865341,-93.86941175917
198 N Main St,Cedar City,UT,84720,37.680849107282,-113.061651010487
1556 Rome Highway,Cedartown,GA,30125,34.046230070946,-85.235944309124
645 Hurst St,Center,TX,75935,31.797527865864,-94.190475678074
205 N 13th St,Centerville,IA,52544,40.733684409164,-92.873177040795
1903 N Neil St,Champaign,IL,61820,40.139904411786,-88.244881084881
2611 S Santa Fe Ave,Chanute,KS,66720,37.654600476434,-95.452709495352
15 W Lincoln Ave,Charleston,IL,61920,39.484408894081,-88.181934194631
540 Radford Ln,Charlottesville,VA,22903,38.052305278173,-78.682518158513
13701 Us Highway 29,Chatham,VA,24531,36.789100124054,-79.394141938313
3536 Cummings Hwy.,Chattanooga,TN,37419,35.018557493894,-85.376308223568
191 Highland Ave,Cheshire,CT,6410,41.504052525083,-72.900692707162
808 Lehman Dr,Chester,IL,62233,37.920372786632,-89.832086654119
3 Bryle Pl,Chester,NY,10918,41.356315683793,-74.283482682946
17164 Chesterfield Airport Rd,Chesterfield,MO,63005,38.668382225182,-90.593376586403
2004 Avenue G Nw,Childress,TX,79201,,
981 N Bridge St,Chillicothe,OH,45601,,
316 W Perkinsville Rd,Chino Valley,AZ,86323,34.771096164358,-112.455763640979
19355 N 3rd St,Citronelle,AL,36522,31.09559019652,-88.238160025169
10342 S Clare Ave,Clare,MI,48617,43.839374155891,-84.768302346234
911 W Will Rogers Blvd,Claremore,OK,74017,36.314140596499,-95.620001056532
1005 S Rogers St,Clarksville,AR,72830,35.46138353013,-93.459134728469
607 Virginia Avenue,Clarksville,VA,23927,36.623432085337,-78.558557148657
1652 W Henderson St,Cleburne,TX,76033,32.33643722634,-97.419093781287
2308 Treasury Dr.,Cleveland,TN,37323,35.126257474845,-84.867333872836
710 N Davis Ave,Cleveland,MS,38732,33.756115437346,-90.715654603645
11624 Clifton Blvd,Cleveland,OH,44102,41.487384957175,-81.767745294896
633 Main St,Clinton,MA,1510,42.421120143831,-71.687183618001
4024 N Prince St,Clovis,NM,88101,34.439338461595,-103.196499280565
1919 N Prince St,Clovis,NM,88101,34.417647787613,-103.196429869359
9319 State Route 61,Coal Township,PA,17866,40.788717712053,-76.508494162139
243 E Dykes St,Cochran,GA,31014,32.39441384449,-83.345627001977
742 Yellowstone Ave,Cody,WY,82414,44.516692769068,-109.078719983483
847 E Chicago St,Coldwater,MI,49036,41.93477219253,-84.964456415101
1095 Belt Line Rd,Collinsville,IL,62234,38.691144297641,-89.986651876838
514 E Crawford St,Colquitt,GA,39837,,
6361 Talokas Ln,Columbus,GA,31909,,
3517 Victory Drive,Columbus,GA,31903,32.421933471323,-84.946250746123
100 S Kansas Ave,Columbus,KS,66725,37.170808085142,-94.842448519723
1725 Highway 45 N,Columbus,MS,39705,33.529523428223,-88.436999070041
717 South Jefferson Ave.,Cookeville,TN,38501,36.145839188383,-85.501081565609
2501 Virginia Lane,Corinth,MS,38834,,
5634 Saratoga Blvd,Corpus Christi,TX,78414,27.685114267091,-97.382744557255
13637 Northwest Blvd,Corpus Christi,TX,78410,27.856137250358,-97.633131662166
2029 W 7th Ave,Corsicana,TX,75110,32.081932579345,-96.483569196523
1850 E Main St,Cortez,CO,81321,37.348989075888,-108.562194483236
2170 Millennium Blvd,Cortland,OH,44410,41.277061096103,-80.774180729615
1100 S State Route 260,Cottonwood,AZ,86326,34.720793674204,-112.002709603039
600 W Taylor St,Creston,IA,50801,41.049114562304,-94.367497289741
1316 N Ferdon Blvd,Crestview,FL,32536,30.788362061964,-86.558944467206
1900 S Ferdon Blvd,Crestview,FL,32536,30.739323770017,-86.564699701377
2813 Dixie Highway,Crestview Hills,KY,41017,39.027407778007,-84.57980758243
1300 East Loop 304,Crockett,TX,75835,31.314047281334,-95.436753934721
912 Unity Road,Crossett,AR,71635,,
7955 E 108th Ave,Crown Point,IN,46307,41.422047307836,-87.239606233952
14520 7th St,Dade City,FL,33523,28.369082895103,-82.189011546494
1500 Linda Dr,Daingerfield,TX,75638,,
3546 N Vermilion St,Danville,IL,61832,40.181115650952,-87.62993461716
817 Forrester Dr Se,Dawson,GA,39842,31.761831474578,-84.438806032579
255 W Mound Rd,Decatur,IL,62526,39.891160175657,-88.957322134086
4661 E Maryland St,Decatur,IL,62521,39.819895279062,-88.88277509147
1045 Crossing Dr,Delano,MN,55328,45.036421954864,-93.773217123777
3 Main St,Delhi,NY,13753,42.267809736172,-74.922501833047
360 E Main St,Delta,UT,84624,39.352258990415,-112.566609087342
924 E Collin Raye Dr,De Queen,AR,71832,34.045460504437,-94.317847386057
6929 Erie Rd,Derby,NY,14047,,
93 W 5th St,Douglas,AZ,85607,31.339209190192,-109.561402487064
106 Webster Way,Douglas,GA,31535,31.486882459798,-82.851029610026
8720 Highway 22,Dresden,TN,38225,36.277261296183,-88.711138267337
5259 Alexander Rd,Dublin,VA,24084,37.085094508378,-80.705525520203
2025 S Dumas Ave,Dumas,TX,79029,35.891721111874,-101.976725114415
1785 Main St,Dunedin,FL,34698,28.019385522659,-82.756764824587
1125 S Camino Del Rio,Durango,CO,81303,,
2501 West Main St,Durant,OK,74701,33.998627097872,-96.408016499435
70 Route 17 N,East Rutherford,NJ,7073,40.82308372735,-74.098822310004
122 Prospect Hill Rd,East Windsor,CT,6088,41.929395909943,-72.605491475093
1120 Indian Dr,Eastman,GA,31023,,
2801 W University Dr,Edinburg,TX,78539,26.305774162855,-98.19150353286
110 S Henrietta St,Effingham,IL,62401,39.122026419138,-88.556034979715
1308 N West Ave,El Dorado,AR,71730,33.223278485884,-92.665659894258
1023 W 3rd St,Elk City,OK,73644,35.411766208237,-99.41602552972
1302 Mountain City Highway,Elko,NV,89801,40.829294230823,-115.779690293938
100 Downey Knolls Dr,Elkton,VA,22827,38.40542181403,-78.651925283972
140 West Rd,Ellington,CT,6029,41.884690377422,-72.464248253648
244 Crossings Blvd,Elverson,PA,19520,40.154805248658,-75.861444558238
705 Aultman Street,Ely,NV,89301,39.248322207618,-114.890743732483
454 Kinderkamack Rd,Emerson,NJ,7630,,
1625 S Mccall Rd,Englewood,FL,34223,26.938452758196,-82.340755318798
24 East 450 North,Ephraim,UT,84627,39.36855737728,-111.586372979454
1404 N Riverside Dr,Espanola,NM,87532,36.012446470362,-106.064812760006
233 Front St.,Evanston,WY,82930,41.263041462748,-110.957686143105
23480 Highway 7,Excelsior,MN,55331,44.892704390737,-93.577734291588
12985 Fair Lakes Pkwy,Fairfax,VA,22033,38.858460745259,-77.395447153812
9444 Main St,Fairfax,VA,22031,38.841069279709,-77.269946155354
11750 U Fair Oaks Mall,Fairfax,VA,22033,38.863980195384,-77.355671244441
50 N Main St,Fairfield,IA,52556,41.007399523385,-91.963835266083
333 Greeno Rd S,Fairhope,AL,36532,30.515444191482,-87.886084955863
1202 Fairmont Ave,Fairmont,WV,26554,39.469236573206,-80.155531902073
7643 Mclaughlin Rd,Peyton,CO,80831,38.942714873041,-104.603111546743
2171 W Williams Ave,Fallon,NV,89406,39.47695747516,-118.803566321302
475 Wilton Rd,Farmington,ME,4938,44.642526326481,-70.152196045558
1245 W Apache St.,Farmington,NM,87401,36.733729491722,-108.227731884706
2737 Martin Luther King Blvd,Fayetteville,AR,72704,36.052777163061,-94.198866975899
1231 Huntsville Highway,Fayetteville,TN,37334,35.136071081889,-86.567142368448
1201 Penny Ln,Fernley,NV,89408,39.606689529349,-119.222565353859
172 Ocilla Hwy,Fitzgerald,GA,31750,31.696666517071,-83.247986157346
2108 S Irby St,Florence,SC,29505,34.147235931763,-79.770376628534
3055 N Lindbergh Blvd,Florissant,MO,63033,,
2311 Avenue L,Fort Madison,IA,52627,40.627222624026,-91.338447708157
2001 S Main St,Fort Scott,KS,66701,37.816525515531,-94.705418510817
710 W Dickinson Blvd,Fort Stockton,TX,79735,30.894001158615,-102.885793340176
73 Eglin Pkwy Ne,Fort Walton Beach,FL,32548,30.41622664719,-86.60709069089
6333 Camp Bowie Blvd,Fort Worth,TX,76116,32.726962574281,-97.419306652572
985 Washington St,Franklinton,LA,70438,30.844693584126,-90.155435805752
5629 Plank Rd,Fredericksburg,VA,22407,38.291471015052,-77.566796780873
429 Marketplace Dr,Freeburg,IL,62243,,
2725 Il Route 26  S,Freeport,IL,61032,42.260923387676,-89.631195729695
550 S Clovis Ave,Fresno,CA,93727,36.737485336494,-119.700103819181
1028 Main St,Fort Morgan,CO,80701,40.259724687047,-103.80142733215
905 E Highway 82,Gainesville,TX,76240,33.640654718941,-97.152428124541
7613 Linton Hall Rd,Gainesville,VA,20155,38.792121229233,-77.609534091332
11 Ohio River Plaza,Gallipolis,OH,45631,38.838648267146,-82.14902560392
2330 E Hwy 66,Gallup,NM,87301,,
5255 N President George B,Garland,TX,75040,,
319 Highway 36 Byp S,Gatesville,TX,76528,,
1325 S Oakwood Ave,Geneseo,IL,61254,41.435027660611,-90.157784683634
205 S Gillette Ave,Gillette,WY,82716,44.293095911782,-105.503925912006
1103 Us Highway 271 N,Gilmer,TX,75644,32.746755863851,-94.939902741005
1087 Virginia Center Pkwy,Glen Allen,VA,23059,37.665975244237,-77.458739870245
1416 Grand Ave,Glenwood Springs,CO,81601,39.538873122498,-107.324940707062
25 Market St,Glenwood Springs,CO,81601,39.561817987463,-107.351889970323
221 Hwy 70 E,Glenwood,AR,71943,34.373863761501,-93.403834853116
411 E Hwy 377,Granbury,TX,76048,32.434220011247,-97.783468094848
698 E Roosevelt Ave,Grants,NM,87020,35.161224706002,-107.8348692981
306 S James St,Grayling,MI,49738,44.657725818843,-84.709870194002
300 Uinta Dr,Green River,WY,82935,41.517139595102,-109.469216352453
1925 W Washington St,Greenville,MI,48838,,
5219 Wesley St,Greenville,TX,75402,33.117542662524,-96.109248647495
2213 Highway 82 W,Greenwood,MS,38930,,
1320 Sunset Dr,Grenada,MS,38901,33.777296825682,-89.825127356581
1742 Zebulon Road,Griffin,GA,30224,33.198240466717,-84.28227074042
250 Se Destination Dr,Grimes,IA,50111,41.682100839041,-93.76994423515
1004 S Main St,Grove,OK,74344,36.587110594802,-94.769315583274
1152 Riverview Street,Grundy,VA,24614,,
3749 Gulf Breeze Pkwy,Gulf Breeze,FL,32563,,
9368 Highway 49,Gulfport,MS,39503,30.422702696633,-89.09227244333
726 N Main St,Gunnison,CO,81230,38.551404967939,-106.926839164598
721 N Main St,Guymon,OK,73942,36.685147167425,-101.481510995085
3920 Washington Blvd,Halethorpe,MD,21227,39.243402682824,-76.676530459108
3763 Peters Mountain Rd,Halifax,PA,17032,,
410 N 1st St,Hamilton,MT,59840,46.250449148399,-114.155962037889
416 Emerson Ave,Hampstead,NH,3841,42.888013982865,-71.151910456048
240 N 12th Ave,Hanford,CA,93230,36.325258639569,-119.673031497354
7645 Arundel Mills Blvd,Hanover,MD,21076,39.152800951364,-76.723454666843
1103 Old Highway 60,Hardinsburg,KY,40143,37.761085055911,-86.440932477071
2709 W Expressway 83,Harlingen,TX,78552,26.187133509316,-97.72274811011
606 Ring Road,Harrison,OH,45030,39.26083462934,-84.795590588587
650 S Commercial St,Harrisonville,MO,64701,38.651731873088,-94.358023865554
1479 Retail Row,Hartsville,SC,29550,34.357035849772,-80.063189503226
10 Avenue D,Haskell,TX,79521,33.158782480357,-99.732597458332
534 Route 111,Hauppauge,NY,11788,40.82776725103,-73.200387891843
135 S Union St,Hawkinsville,GA,31036,32.279401895167,-83.470948479012
1415 Highway 25b,Heber Springs,AR,72543,,
515 N 25 Mile Ave,Hereford,TX,79045,34.833031432927,-102.405497562499
7925 Hialeah Gardens Blvd,Hialeah,FL,33018,25.894224487836,-80.351155258649
12551 State Route 143,Highland,IL,62249,38.75809575514,-89.683654761683
262 W Carleton,Hillsdale,MI,49242,41.930727763548,-84.641472150802
764 W Oglethorpe Hwy,Hinesville,GA,31313,31.825387991128,-81.598683901667
917 E Bender Blvd,Hobbs,NM,88240,32.72565625873,-103.125581240973
3421 N Grimes St,Hobbs,NM,88240,32.738087788189,-103.145012084427
807 N Homestead Blvd,Homestead,FL,33030,25.477355473297,-80.46496861597
1598 Route 82,Hopewell Junction,NY,12533,41.624586531777,-73.775171464131
827 State Route 82,Hopewell Junction,NY,12533,41.582007670133,-73.806490415141
1529 Albert Pike Rd,Hot Springs,AR,71913,34.492912363875,-93.08807538046
1215 S Sam Houston Blvd,Houston,MO,65483,37.320227983251,-91.958538757854
200 S Oakridge Dr,Hudson Oaks,TX,76087,32.753457281866,-97.712484139642
2718 Central Ave.,Humboldt,TN,38343,35.841850799909,-88.914822251134
106 Peter Pan Rd,Independence,KS,67301,37.225716340164,-95.74243198001
1214 N Jefferson Way,Indianola,IA,50125,41.371795856033,-93.558327732489
612 S Oak St,Iowa Falls,IA,50126,42.506666640768,-93.262302344384
11248 Old Mill Lane,Jackson,CA,95642,38.370745388586,-120.799768369061
250 B South Main St.,Jamestown,TN,38556,36.425074320785,-84.932260133046
327 Kimball Crossing Drive,Kimball,TN,37347,35.041923924013,-85.685171153844
808 West Gibson Road,Jasper,TX,75951,,
3540 E 10th St,Jeffersonville,IN,47130,38.331166416417,-85.710242697164
1107 N 1st St,Jesup,GA,31545,31.616611617686,-81.874780208825
1120 W State Of Franklin Rd,Johnson City,TN,37604,36.307835099039,-82.365744157717
329 S 350 E,Kanab,UT,84741,37.042463954257,-112.520774876399
3385 Main St,Kansas City,MO,64111,39.065995043417,-94.585491410268
5227 Ne Antioch Rd,Kansas City,MO,64119,39.189083837018,-94.548681689369
205 N Park Dr,Keokuk,IA,52632,40.39982707062,-91.37546036011
14055 W Whitesbridge Ave,Kerman,CA,93630,36.734893363353,-120.043535676845
150 East South St,Kewanee,IL,61443,41.222235605055,-89.925381394539
1103 W Stan Schlueter Loop,Killeen,TX,76549,31.079135276134,-97.761892676981
5100 Kings Plz,Brooklyn,NY,11234,40.635340268238,-73.92747398406
902 Sierra Street,Kingsburg,CA,93631,36.517809664887,-119.558404408374
1007 E General Cavazos Blvd,Kingsville,TX,78363,27.491321275595,-97.85560734728
151 Evans Dr,Kyle,TX,78640,,
5 S La Grange Rd,La Grange,IL,60525,41.815763472568,-87.869617185219
1 Conley Road,La Junta,CO,81050,37.999412442177,-103.591767196304
58 Drury Dr,La Plata,MD,20646,38.549774674117,-76.984182545214
505 W Hickpochee Ave,Labelle,FL,33935,26.761639694176,-81.429533691868
2617 N Highway 27,La Fayette,GA,30728,34.66606929738,-85.275555095043
509 Highway 52 Byp W,Lafayette,TN,37083,36.525318040481,-86.042785518912
211 E Central Ave,Lagrange,IN,46761,41.641358517814,-85.418658647346
102 W Center St,Lake City,MN,55041,44.448707202942,-92.265758143054
850 S Sun Dr,Lake Mary,FL,32746,28.755539690265,-81.352408971749
2303 S Ranch Road 620,Lakeway,TX,78734,30.342011902623,-97.967765315519
221 South Main St.,Lamar,CO,81052,38.087958511237,-102.619035941712
3366 Sterns Rd,Lambertville,MI,48144,41.749114741742,-83.62697627367
701 North Dallas Avenue,Lamesa,TX,79331,32.738605611623,-101.952002098931
1708 Central Texas Expressway,Lampasas,TX,76550,31.063930289249,-98.16139265346
378 Main Street,Lander,WY,82520,42.833517722217,-108.732703664647
100 E Kansas St,Lansing,KS,66043,39.249385714357,-94.899414978052
2900 E Grand Ave,Laramie,WY,82070,41.309027153239,-105.55808496872
1939 Palmer Ave,Larchmont,NY,10538,40.932313175551,-73.759498285626
1187 W Eads Pkwy,Lawrenceburg,IN,47025,39.078411118168,-84.888064798513
128 W Main St,Le Roy,NY,14482,42.978082330096,-78.004531373959
2154 Campbellsville Rd,Lebanon,KY,40033,,
2203 W Cumberland St,Lebanon,PA,17042,40.33917529077,-76.451013926132
1070 Regional Park Road,Lebanon,VA,24266,36.902206974093,-82.043957317106
510 S Main St,Leitchfield,KY,42754,37.471655435776,-86.294372994018
75 W Hanford Armona Rd,Lemoore,CA,93245,36.313335614313,-119.781976060036
2025 Morganton Blvd Sw,Lenoir,NC,28645,35.896434458488,-81.56121140387
845 Blowing Rock Blvd,Lenoir,NC,28645,35.925949310976,-81.526415502692
2403 S Stemmons Fwy,Lewisville,TX,75067,33.006064779846,-96.971827928053
710b W Church St,Lexington,TN,38351,35.659465786972,-88.4194969087
808 W 9th St,Libby,MT,59923,48.385148756195,-115.545646161162
1144 Main St,Limon,CO,80828,39.263058942432,-103.691245076497
3222 S Main St,Lindale,TX,75771,32.472625772622,-95.389902684803
840 W Edgar Rd,Linden,NJ,7036,40.617894939965,-74.251576478751
310 East Montauk Highway,Lindenhurst,NY,11757,40.683480261404,-73.354454294211
1104 Ogden Ave,Lisle,IL,60532,41.801345191087,-88.074938485935
2180 Fm 423,Little Elm,TX,75068,,
1533 W. Main St.,Livingston,TN,38570,36.368980073027,-85.34085558101
1764 West Church Street,Livingston,TX,77351,,
1712 S Colorado St,Lockhart,TX,78644,29.863137315594,-97.66847920052
660 S Main St,Logan,UT,84321,41.720006859057,-111.835195557453
2503 E Market St,Logansport,IN,46947,40.757912932925,-86.335824330994
2414 Gilmer Rd,Longview,TX,75604,32.532559610562,-94.788765138613
8971 Ox Rd,Lorton,VA,22079,38.714147871319,-77.26356168907
751 Trinity Dr,Los Alamos,NM,87544,35.879715096542,-106.293892602446
2130 E. Pacheco Blvd,Los Banos,CA,93635,37.057108313545,-120.821877386748
1521 E Riverside Blvd,Loves Park,IL,61111,42.318049517961,-89.036531307888
906 W Ave D,Lovington,NM,88260,32.943985371815,-103.359916070142
1201 Bridge St,Lowell,MA,1850,42.66543447182,-71.303307062429
12102 Old 63 S,Lucedale,MS,39452,30.906294221581,-88.597831471493
2002 S. First Street,Lufkin,TX,75901,31.309402094528,-94.726936557772
12895 Highway 90,Luling,LA,70070,29.906808108235,-90.369482777754
520 Cook St.,Madisonville,TN,37354,35.517641488446,-84.360409338782
50 Hwy 79 North,Magnolia,AR,71753,33.298706960419,-93.212215631786
1900 Martin Luther King Blvd,Malvern,AR,72104,,
9967 Sowder Village Sq,Manassas,VA,20109,38.738409456484,-77.535791047373
1313 Hillsboro Blvd.,Manchester,TN,37355,35.470936600635,-86.074749565058
7298 Highway 509,Mansfield,LA,71052,,
190 Commerce Ave,Manteca,CA,95336,37.795690354769,-121.193871868576
3805 Dallas Hwy Sw,Marietta,GA,30064,33.952293546857,-84.661817499093
11951 Maumelle Blvd,North Little Rock,AR,72113,34.829352289338,-92.393728300468
15020 South Highland Drive,Mc Kenzie,TN,38201,36.121078572258,-88.52054247069
1339 Smithville Hwy.,McMinnville,TN,37110,35.702752252226,-85.781178028757
1234 E Main St,Melbourne,AR,72556,36.059015911849,-91.881553370355
270 W North Ave,Melrose Park,IL,60160,41.907041353845,-87.914663476441
408 Highway 71 N,Mena,AR,71953,34.585955147107,-94.22995812509
1402 E Milam St,Mexia,TX,76667,31.685613840749,-96.457548178245
15365 S Dixie Hwy,Miami,FL,33157,25.627519961411,-80.341656699182
545 Nw 42nd Ave,Miami,FL,33126,25.777511743832,-80.263897079372
1871 North 25th Street,Middlesboro,KY,40965,,
747 Hwy 35,Middletown,NJ,7748,40.3874120544,-74.096513345572
1401 N Loop 250 W,Midland,TX,79706,31.994383873453,-102.153374570998
2816 W Loop 250 N,Midland,TX,79705,32.036317399226,-102.121226704977
4300 North Midland Drive,Midland,TX,79707,32.026915863449,-102.144903549163
2106 Rankin Hwy,Midland,TX,79701,31.976129009032,-102.075252255474
8 E Chestnut Street,Mifflinburg,PA,17844,40.921514966316,-77.036928064329
904 West 4th Street,Milan,IL,61264,41.443871677562,-90.572240083922
15305 S First St,Milan,TN,38358,35.87895539657,-88.745534789195
2 Millbrook Plz,Mill Hall,PA,17751,,
1422 South Washington Street,Millersburg,OH,44654,,
113 Madison Square,Minden,LA,71055,,
6420 S State Highway 37,Mineola,TX,75773,32.690492092389,-95.484709903652
2305 E Hubbard St,Mineral Wells,TX,76067,32.8092096093,-98.094800777256
3724 50th St,Edina,MN,55410,44.912571811111,-93.326850376624
10916 Emerald Coast Pkwy W,Miramar Beach,FL,32550,30.38099516528,-86.356449514981
4511 Lincolnway E,Mishawaka,IN,46544,41.663281987894,-86.109427403855
3850 S Reserve St,Missoula,MT,59801,46.835983417472,-114.039383865919
300 S. Main Street,Moab,UT,84532,38.568741984559,-109.550878476323
191 Cooper Creek Drive,Mocksville,NC,27028,35.926549530871,-80.590315299975
413 South Main,Monahans,TX,79756,31.591583461372,-102.892093453936
864 E. Highway 60,Monett,MO,65708,36.915797224782,-93.947550298595
2500 Forsythe Ave,Monroe,LA,71201,32.538408221004,-92.102301986789
290 Larkin Dr,Monroe,NY,10950,41.318395653402,-74.144389490526
1701 Louisville Ave,Monroe,LA,71201,32.516948349413,-92.107717247942
534 S Monroe Street,Monroe,MI,48161,41.911425220289,-83.401952589875
791 State Route 17m,Monroe,NY,10950,41.333366109597,-74.19208168239
4429 Pecanland Mall Drive,Monroe,LA,71203,32.497505794516,-92.067968028094
845 1st Ave,Monte Vista,CO,81144,37.58056825607,-106.147727133608
129 N Park Drive,Monticello,AR,71655,33.646750135607,-91.797464363177
130 Walmart Plaza Dr,Monticello,KY,42633,36.856176503409,-84.847738479728
2675 S Townsend Ave,Montrose,CO,81401,,
118 Chestnut Ridge Rd,Montvale,NJ,7645,41.062607040885,-74.069283481253
1051 Marguerite St,Morgan City,LA,70380,29.7055835952,-91.202303741903
1624 E Harding St,Morrilton,AR,72110,35.169145475234,-92.723847873142
1212 Lafayette Ave,Moundsville,WV,26041,39.913256960959,-80.747502820357
305 E Ridgeville Blvd,Mount Airy,MD,21771,39.364565847594,-77.161934719779
100 West 17th St,Mountain Grove,MO,65711,37.143530439046,-92.263043861172
10 Paul Wood Ln,Mountain Home,AR,72653,36.35768366062,-92.339396104346
111 W Monroe St,Mount Pleasant,IA,52641,40.966637960187,-91.55338683064
4884 E Pickard St,Mt Pleasant,MI,48858,43.611801397794,-84.758462063299
1009 S Jefferson Ave,Mt Pleasant,TX,75455,33.147437555901,-94.968727495596
2101 Enterprise Drive,Mullins,SC,29574,34.184793579065,-79.343384785523
4909 North St,Nacogdoches,TX,75965,31.650956580738,-94.655828632942
173 N Miriam St,Nappanee,IN,46550,41.446030893213,-85.986553466896
270 Amherst St,Nashua,NH,3063,42.778932103073,-71.498043386176
1716 South 4th St.,Nashville,AR,71852,33.935477024378,-93.851406465027
100 E Mcpherson Ave,Nashville,GA,31639,,
252 South Mill St,Nashville,IL,62263,38.34232908107,-89.380613253304
8690 Navarre Pkwy,Navarre,FL,32566,30.402016814726,-86.859084741643
3101 Lusk Drive,Neosho,MO,64850,36.840063715914,-94.394231160824
810 N Main St,Nephi,UT,84648,39.720409537297,-111.836069420879
332 Park Plaza Dr.,New Albany,MS,38652,34.489636992358,-89.02756633922
5531 New Albany Rd E,New Albany,OH,43054,40.096785389613,-82.817829162459
4633 Gallia Street,New Boston,OH,45662,,
700 Davey Crockett Dr,New Boston,TX,75570,,
1683 W State Highway 46,New Braunfels,TX,78132,29.716741149231,-98.160289809858
854 West Main Street,New Holland,PA,17557,40.092569783615,-76.118589277958
3001 Napoleon Ave,New Orleans,LA,70125,29.940474563763,-90.103282537568
900 Poydras St,New Orleans,LA,70112,29.949999111464,-90.07315852517
234 Main St,New Paltz,NY,12561,41.744151214114,-74.073721662122
211 Main St,New Rochelle,NY,10801,40.91509862651,-73.771611855069
13 Quaker Ridge Rd,New Rochelle,NY,10804,40.947485915463,-73.795674588876
408 S Broad St,New Tazewell,TN,37825,36.440454714448,-83.603774007976
1702 Westridge Rd,New Ulm,MN,56073,44.326820296936,-94.502242870207
45 Storey Ave,Newburyport,MA,1950,42.811088343813,-70.917523401049
3150 Highway 34 E,Newnan,GA,30265,33.408120568264,-84.680854603488
8 Newport Pl,Newport,PA,17074,40.493105961036,-77.111775711345
1356 John Sims Pkwy E,Niceville,FL,32578,30.514965698733,-86.46093125555
18491 Tamiami Trail,North Port,FL,34287,27.035098485891,-82.210332533667
75 W North Ave,Northlake,IL,60164,41.908029118786,-87.919079008726
269 Livingston St,Northvale,NJ,7647,,
734 Commonwealth Drive,Norton,VA,24273,36.957735888304,-82.604743565126
48975 Grand River Ave,Novi,MI,48374,42.493642734852,-83.533471982327
40015 Hwy 49,Oakhurst,CA,93644,37.331391631419,-119.656079428346
1207 Bienville Blvd,Ocean Springs,MS,39564,30.416204372022,-88.824306388562
10341 W Colonial Dr,Ocoee,FL,34761,28.551820833586,-81.531012843656
6966 E Highway 191,Odessa,TX,79765,31.907336924104,-102.301305523971
2810 N County Rd W,Odessa,TX,79764,,
2260 Linda Ave,Odessa,TX,79763,31.853140589188,-102.409739854137
4101 E 42nd St,Odessa,TX,79762,31.891879479387,-102.341719238537
287 N K 7 Hwy,Olathe,KS,66061,,
19802 Alberta St.,Oneida,TN,37841,36.533571361864,-84.487198958148
6254 Furnace Rd,Ontario,NY,14519,43.225507770752,-77.282577387346
642 8th St Se,Orange City,IA,51041,42.99745005137,-96.050856430349
113 W Mclane St,Osceola,IA,50213,41.030671943725,-93.766422910095
2152 Jackson Ave W,Oxford,MS,38655,34.362947108318,-89.559854724234
1011 Lewis Street,Oxford,NC,27565,36.281676234021,-78.606514338466
107 South 7th Street,Ozark,AR,72949,35.487356038322,-93.832101432156
106 S. Lake Powell Blvd.,Page,AZ,86040,36.916429176038,-111.457216257283
140 Country Center Dr,Pagosa Springs,CO,81147,,
5300 Donald Ross Rd,Palm Beach Gardens,FL,33418,,
3101 Pga Blvd,Palm Beach Gardens,FL,33410,26.845022579713,-80.084373991562
1329 N Hobart St,Pampa,TX,79065,35.548319869698,-100.971982359856
313 Angela Street,Paola,KS,66071,38.572676992752,-94.859281432355
2811 W Kingshighway,Paragould,AR,72450,36.060067203361,-90.523961244509
200 Ne Loop 286,Paris,TX,75460,33.631394051065,-95.563237569945
1011 East 1st St,Park Rapids,MN,56470,46.921946346749,-95.040923746802
805 North 16th,Parsons,KS,67357,37.347861090682,-95.259108025379
420 S Kalamazoo Ave,Paw Paw,MI,49079,42.214485253546,-85.891386516885
308 S Cedar St,Pecos,TX,79772,31.425775744772,-103.494201624185
101 Liberty St,Penn Yan,NY,14527,42.656853160262,-77.055160897288
100 Judd St,Perham,MN,56573,46.58475932174,-95.575112543519
410 1st Ave,Perry,IA,50220,41.831340600586,-94.106441801215
10413 Fremont Pike,Perrysburg,OH,43551,41.546159675204,-83.593794468204
514 S Main St,Perryton,TX,79070,36.395184922309,-100.802742752184
1418 W St Joseph Street,Perryville,MO,63775,,
3209 Martin Luther King Jr Pkwy S,Phenix City,AL,36869,32.429604436355,-85.030781955612
319 W Sioux Ave,Pierre,SD,57501,44.368325323139,-100.356676877266
7 S Walnut St,Pinckneyville,IL,62274,38.080055381408,-89.382993884128
313 Pine St,Pinedale,WY,82941,,
110 S Greer St,Pittsburg,TX,75686,32.995788864248,-94.959346324496
3316 Olton Road,Plainview,TX,79072,34.186060331664,-101.744402806556
1601 N I27,Plainview,TX,79072,34.162057623999,-101.748631300887
6654 Koll Center Pkwy,Pleasanton,CA,94566,37.658550667773,-121.899529031559
1503 Highway 67 South,Pocahontas,AR,72455,36.250429504008,-90.961450838135
4630 Pleasant Hill Rd,Kissimmee,FL,34759,28.14844575601,-81.442861044816
2720 N 14th St,Ponca City,OK,74601,36.735486357712,-97.067325810408
1031 W 2nd St,Portales,NM,88130,34.180960619497,-103.344605435389
1702 Us Highway 181,Portland,TX,78374,,
2217 N Broadway St,Poteau,OK,74953,35.063615629847,-94.62096687053
1177 E Main St,Price,UT,84501,39.598721460272,-110.793617118409
2131 W Houghton Lake Dr,Houghton Lake,MI,48629,44.329639028152,-84.780810972363
125 Steve Barry Blvd,Pryor,OK,74361,,
1020 E Main St,Purcellville,VA,20132,39.135898254973,-77.698560715927
1969 N Dixie Blvd,Radcliff,KY,40160,37.816005553199,-85.924094067077
38 Joshua M Freeman Blvd,Ranson,WV,25438,39.319453350644,-77.852207168592
812 Broadmeadow Rd,Rantoul,IL,61866,40.307186561172,-88.175745057547
1301 West Omaha St,Rapid City,SD,57701,44.084188250899,-103.240459162389
2014 E Cedar St,Rawlins,WY,82301,41.791830527287,-107.216712188515
1904 Julia St,Rayville,LA,71269,32.462949459022,-91.760109421807
1514 S Main St,Red Bud,IL,62278,,
200 Vista Knoll Pkwy,Reno,NV,89506,39.614521348171,-119.854826291274
1314 E Independence St,Republic,MO,65738,37.127172267214,-93.459966930874
31 Furlong Dr,Revere,MA,2151,,
499 S Main St,Richfield,UT,84701,38.761187485108,-112.084707716246
704 Taughenbaugh Blvd,Rifle,CO,81650,,
802 N Federal Blvd,Riverton,WY,82501,43.032032789748,-108.380675068845
521 E Main St,Riverton,WY,82501,43.024598641777,-108.384535872242
3679 Highway 431,Roanoke,AL,36274,,
1225 N Caron Rd,Rochelle,IL,61068,41.939779262106,-89.054675089783
101 Gateway Blvd,Rock Springs,WY,82901,41.581808393558,-109.249487350529
1339 Dewar Dr,Rock Springs,WY,82901,41.576593370095,-109.236445807693
2745 10 Mile Rd Ne,Rockford,MI,49341,43.117052487596,-85.601571046659
532 Main St,Rockland,ME,4841,44.107504153998,-69.109885383832
1701 Nathan Dean Parkway,Rockmart,GA,30153,,
11530 Rockville Pike,Rockville,MD,20852,39.046330697548,-77.112713388887
14937 Shady Grove Rd,Rockville,MD,20850,39.098498668668,-77.192811737109
1345 Silas Deane Hwy,Wethersfield,CT,6109,41.684139184953,-72.654612234307
4310 Highway 66 S,Rogersville,TN,37857,36.397286282543,-83.015464477358
215 Main Ave N,Roseau,MN,56751,48.847328189058,-95.762885973323
1440 Lake St,Roselle,IL,60172,41.970886756645,-88.117010706403
200 N Main St,Roswell,NM,88201,33.394796060044,-104.522809854891
2901 N Main St,Roswell,NM,88201,,
1700 East Palm Valley Blvd,Round Rock,TX,78664,30.517337250798,-97.661712830383
4802 Lakeview Pkwy,Rowlett,TX,75088,32.907644932536,-96.556406037873
1049 Durham Rd,Roxboro,NC,27573,36.378515556623,-78.983604724956
3848 Sun City Center Blvd.,Ruskin,FL,33573,27.712384550612,-82.372072541092
229 S Highway 127,Russell Springs,KY,42642,37.060012412684,-85.070560457833
303 N Main St,Russellville,KY,42276,36.847551722658,-86.888436841043
18035 Jefferson Davis Hwy,Ruther Glen,VA,22546,38.017767023078,-77.515015742929
3101 State Road 580,Safety Harbor,FL,34695,28.02400578877,-82.708048492167
1 Canal St,Salem,MA,1970,42.517579102686,-70.895355514845
404 E Rainbow Blvd,Salida,CO,81201,,
1104 West Ruth,Sallisaw,OK,74955,35.449219784435,-94.802347819098
529 Main St,Salmon,ID,83467,45.175670972414,-113.894199238262
4001 Sunset Dr,San Angelo,TX,76904,31.428273700457,-100.495454269408
17230 Autry Pond Rd,San Antonio,TX,78247,,
9123 N Loop 1604 W,San Antonio,TX,78249,29.559212217304,-98.66148039972
6075 Nw Loop 410,San Antonio,TX,78238,29.472454478494,-98.613457869111
11745 W Interstate 10,San Antonio,TX,78230,,
420 W. Wekiwa Rd.,Sand Springs,OK,74063,36.137116300234,-96.121265006102
610 Academy Ave,Sanger,CA,93657,36.707677635192,-119.556112669032
31 North Main St,Sayville,NY,11782,40.736703799979,-73.081292803175
1574 Old Gallatin Rd,Scottsville,KY,42164,36.740139893871,-86.210136967573
6657 Highway 179,Sedona,AZ,86351,34.790721252272,-111.76290783572
11165 Park Blvd,Seminole,FL,33772,27.841170412782,-82.794365180411
800 South Main Street,Seminole,TX,79360,32.70967223943,-102.645014150576
4901 N Kickapoo Ave,Shawnee,OK,74804,35.382279212015,-96.92970047264
4420 N Kickapoo Ave,Shawnee,OK,74804,35.374921961192,-96.929860890025
100 N Runger Ave,Sheldon,IA,51201,43.187272687345,-95.815994504744
544 Conestoga Pkwy,Shepherdsville,KY,40165,37.998365660201,-85.70702826018
309 Bert Kouns Industrial Loop,Shreveport,LA,71106,32.398163003389,-93.760296958156
5795 North Market St,Shreveport,LA,71107,32.599955813775,-93.839755894116
6730 Pines Rd,Shreveport,LA,71129,32.447589106109,-93.864934649074
6360 Youree Dr,Shreveport,LA,71105,32.449344083346,-93.721929303218
1015 Highway 96 Bypass,Silsbee,TX,77656,,
3503 W 41st St,Sioux Falls,SD,57106,43.514772573603,-96.76804177287
1031 S Highline Pl,Sioux Falls,SD,57110,43.542254382165,-96.653537512516
1378 Route 206,Skillman,NJ,8558,,
130 Walmart Dr,Smithville,TN,37166,,
3412 College Ave,Snyder,TX,79549,32.708333556056,-100.919000816806
512 Highway 85,Socorro,NM,87801,,
77 S Orange Ave,South Orange,NJ,7079,40.746889130519,-74.261425592498
750 Queen St,Southington,CT,6489,41.636532996584,-72.873800617194
8 N Village Blvd,Sparta,NJ,7871,41.076601471147,-74.659423667061
8 Town Center Dr,Sparta,NJ,7871,,
1418 Sparta Centre Dr,Sparta,IL,62286,,
2735 1st Ave.,Spearfish,SD,57783,44.480410579887,-103.812956835454
3466 Discovery Creek Blvd,Spring,TX,77386,30.10669307049,-95.38879012843
2319 Rayford Rd,Spring,TX,77386,30.12318567387,-95.406443632831
322 Singing Oaks,Spring Branch,TX,78070,29.80088418539,-98.419974154119
4439 W Sunset Ave,Springdale,AR,72762,36.175190912454,-94.179633316356
2713 N Dirksen Pkwy,Springfield,IL,62702,39.840018649398,-89.604530990332
3800 W Sunshine St,Springfield,MO,65807,37.182334762786,-93.357238803677
7549 Huntsman Blvd,Springfield,VA,22153,38.752305176875,-77.266400524059
1645 W Republic Road,Springfield,MO,65807,37.138347629525,-93.31538507081
3121 East Sunshine,Springfield,MO,65804,37.180571573919,-93.232163009442
242 River Street,Springfield,VT,5156,43.307856482838,-72.495797196128
707 C South Main,Springhill,LA,71075,32.994966884131,-93.461207313949
901 W 400 S,Springville,UT,84663,40.153751713632,-111.603252439505
151 Skyview Circle,Spruce Pine,NC,28777,,
4647 Chippewa Street,Saint Louis,MO,63116,38.591180793767,-90.270320063594
4615 Gulf Blvd,St Pete Beach,FL,33706,27.720986237811,-82.739857606801
1226 S Minnesota Ave,Saint Peter,MN,56082,44.316273273068,-93.963991017633
47b W Main St,Stafford Springs,CT,6076,41.955176296723,-72.310069291238
2780 W Washington St,Stephenville,TX,76401,32.203955339412,-98.238568996508
1309 W Main St,Sterling,CO,80751,40.625053341321,-103.232109058934
1739 S Highway 59,Stilwell,OK,74960,,
1201 S Ward St,Stockton,MO,65785,37.688000931753,-93.799353146997
2368 Jackson St,Stoughton,WI,53589,42.921566742714,-89.249784339733
3490 Hudson Dr,Stow,OH,44224,41.163645868964,-81.477310780444
2397 N Bloomington St,Streator,IL,61364,41.149885818274,-88.835740367565
2715 Lazelle Street,Sturgis,SD,57785,44.417114096084,-103.53757863201
207 East 22nd,Stuttgart,AR,72160,34.479391226656,-91.551568134065
472 Route 47,Sugar Grove,IL,60554,,
4004 Nc Hwy 105,Sugar Mountain,NC,28604,36.118303064675,-81.837552729745
1707 S Broadway St,Sulphur Springs,TX,75482,33.111895179252,-95.596747773859
420 Bryan Rd,Sumiton,AL,35148,33.745678396507,-87.044226576081
200 Railroad St,Sweetwater,TN,37874,35.598603725505,-84.462795365869
309 Ne Georgia Ave,Sweetwater,TX,79556,32.451023856345,-100.395872832373
620 E Franklin St,Sylvester,GA,31791,31.529660745095,-83.825310247132
107 W Pickwick Dr,Syracuse,IN,46567,41.416027875293,-85.747353451982
1702 S Muskogee Ave,Tahlequah,OK,74464,35.893362046221,-94.977227029727
45 Plaza Dr,Tamaqua,PA,18252,,
9907 N Dale Mabry Hwy,Tampa,FL,33618,28.039221565298,-82.504886159326
314 Paseo Del Pueblo Norte,Taos,NM,87571,36.410874560627,-105.570234551391
1377 Paseo Del Pueblo Sur,Taos,NM,87571,36.371807838258,-105.595215103049
811 Nc Highway 16 S,Taylorsville,NC,28681,35.932911445859,-81.190402832306
1404 W. Chicago Blvd,Tecumseh,MI,49286,42.006466575887,-83.965521616023
131 Arkansas Blvd,Texarkana,AR,71854,33.460354274919,-94.041266142264
404 Walton,Texarkana,TX,75501,33.444364249492,-94.099200610454
601 Broadway St,Thermopolis,WY,82443,43.64598784632,-108.212044785379
210 N Canal Blvd,Thibodaux,LA,70301,29.800967489807,-90.817652534159
15 Thomaston Commons Way,Thomaston,ME,4861,,
1428 Remington Ave,Thomasville,GA,31792,30.852026869769,-83.948824713672
203 North Us 131,Three Rivers,MI,49093,,
1805 Tift Ave N,Tifton,GA,31794,31.470768513169,-83.503033922335
1606 Georgetown Rd,Tilton,IL,61833,40.097488155253,-87.635600168703
7101 183rd St,Tinley Park,IL,60477,41.558549309172,-87.789659597597
701 E Jefferson St,Tipton,IN,46072,40.282471327671,-86.032648196972
3600 Delaware Ave,Buffalo,NY,14217,42.982125942403,-78.872608423575
5515 Sw 21st St,Topeka,KS,66604,39.02916942686,-95.748265571252
140 East Main Street,Tremonton,UT,84337,41.711748139581,-112.164048839052
459 E Broadway,Trenton,IL,62293,38.605773282516,-89.674754996913
156 Davy Crockett Mall,Trenton,TN,38382,,
101 W. Main St.,Trinidad,CO,81082,37.16850310581,-104.505757420704
3175 N Swan Road,Tucson,AZ,85712,32.26488007705,-110.892447004642
421 W Ina Rd,Tucson,AZ,85704,32.336943550488,-110.97655770068
1204 E Prosperity Ave,Tulare,CA,93274,36.225709280386,-119.365632933653
7925 E 71st Street,Tulsa,OK,74133,36.060953045122,-95.888639781013
B1100 Tuscola Blvd,Tuscola,IL,61953,39.787721073375,-88.267308876692
3101 Shiloh Rd,Tyler,TX,75707,32.2953921082,-95.261287157233
3816 Hwy 64 W,Tyler,TX,75704,32.35409532308,-95.34684438826
712 W. Oklahoma Ave,Ulysses,KS,67880,37.576571961731,-101.366632992893
100 Rocky Bottom Dr,Unicoi,TN,37692,36.186344783838,-82.375618208182
12 Mill St,Unionville,CT,6085,41.756793353276,-72.887239818212
158 N Main St,Uxbridge,MA,1569,42.082526097626,-71.638284956376
3272 Inner Perimeter Rd,Valdosta,GA,31602,30.882194025797,-83.291698557445
301 Mattes Ave.,Vandalia,IL,62471,38.964098584083,-89.131993137517
1100 Tamiami Trl N,Nokomis,FL,34275,,
435x Hartford Turnpike,Vernon,CT,6066,41.828956542319,-72.482486050722
4110 Hillcrest Plz,Vernon,TX,76384,,
594 Highway 61,Villa Rica,GA,30180,,
5301 Bosque Blvd,Waco,TX,76710,31.534115415457,-97.191003602509
40 Jefferson St S,Wadena,MN,56482,46.441420090468,-95.136536846244
842 Lexington St,Waltham,MA,2452,42.404762754273,-71.234144231757
1379 Route 9,Wappingers Falls,NY,12590,,
251 W Lee Hwy,Warrenton,VA,20186,38.728551852122,-77.800763090235
418 State Ave South,Warroad,MN,56763,,
148 State Route 94 S,Warwick,NY,10990,41.238466707663,-74.379709873577
5252 Wisconsin Ave Nw,Washington,DC,20015,38.958419058186,-77.084605644798
2440 Market St Ne,Washington,DC,20018,38.919942801538,-76.952776967941
3000 Phoenix Center Drive,Washington,MO,63090,38.537862383365,-90.984334572095
919 N Illinois Rte 3,Waterloo,IL,62298,38.357757748898,-90.153224203927
3 Mount Auburn St,Watertown,MA,2472,,
945 29th St Se,Watertown,SD,57201,44.889071379967,-97.068053527047
101 W Main St,Wauchula,FL,33873,27.547495221219,-81.811845277757
1336 E Hickman Rd,Waukee,IA,50263,41.614945263232,-93.847273713068
754 N Green Bay Rd,Waukegan,IL,60085,42.372367520666,-87.882414237136
222 Highway 90,Waveland,MS,39576,30.307510712162,-89.374556964143
1116 W Superior St,Wayland,MI,49348,42.674057687355,-85.654811319928
61 Weaver Blvd,Weaverville,NC,28787,35.703689760574,-82.566391678315
500 E 16th Street,Wellington,KS,67152,37.275010712482,-97.393421277569
511 E Houghton Ave,West Branch,MI,48661,44.276313849148,-84.226529053421
116 W Agency Rd,West Burlington,IA,52655,40.813345272748,-91.15719658004
200 W North Ave,West Chicago,IL,60185,41.911258436735,-87.635780236752
6925 Mills Civic Pkwy,West Des Moines,IA,50266,41.561697498845,-93.802133848459
420 Montauk Highway,West Islip,NY,11795,40.696864239229,-73.312714845656
5900 Bergenline Ave,West New York,NJ,7093,,
70 Airport Rd,West Point,MS,39773,33.585168951401,-88.660687777527
221 N Main St,West Point,NE,68788,41.841337487177,-96.712213698613
250 Englar Rd,Westminster,MD,21157,,
813 9th St,Wheatland,WY,82201,42.055458049144,-104.953337272866
646 Highway 76,White House,TN,37188,36.469679245465,-86.672962045912
704a 13th St E,Whitefish,MT,59937,48.399863767391,-114.333906819985
6307 Burlington Rd,Whitsett,NC,27377,36.063140951519,-79.608818802905
1150 Frontage Dr W,Wiggins,MS,39577,,
5995 Signature Dr,Wildwood,FL,34785,,
5625 Seven Mile Dr,Wildwood,FL,34785,28.866339299982,-82.010347772138
668 N Bisbee Ave,Willcox,AZ,85643,32.263699499958,-109.841439267787
257 Market St,Winchester,VA,22603,39.22224286268,-78.133008563655
2621 S Pleasant Valley Rd,Winchester,VA,22601,,
1540 Main St,Windsor,CO,80550,40.479498902614,-104.92794563618
11403 Windsor Blvd,Windsor,VA,23487,36.80424803953,-76.727511648951
750 Grass Valley Rd,Winnemucca,NV,89445,40.963307881138,-117.734536548542
508 W Winnemucca,Winnemucca,NV,89445,40.969535487952,-117.739895628663
3628 Front St,Winnsboro,LA,71295,32.170590313442,-91.724819028943
16045 New Independence Pkwy,Winter Garden,FL,34787,28.474485975204,-81.629072046461
1953 Daniel Stuart Sq,Woodbridge,VA,22191,38.632155760044,-77.274138364034
8223 Jericho Turnpike,Woodbury,NY,11797,40.816033031257,-73.468395014434
815 W Main St,Woodbury,TN,37190,35.827558821489,-86.079923180086
1020 Big Horn Ave,Worland,WY,82401,44.016769123717,-107.955425560787
1811 Falls Blvd N,Wynne,AR,72396,35.243675297443,-90.782531395707
938a S State St,Yadkinville,NC,27055,36.11712719731,-80.660135735017
